Date,Open,High,Low,Close,Adj Close,Volume
2015-08-06,0.6747,3,0.6747,3,3,371
2015-08-07,3,3,0.15,1.2,1.2,1438
2015-08-08,1.2,1.2,1.2,1.2,1.2,0
2015-08-09,1.2,1.2,1.2,1.2,1.2,0
2015-08-10,1.2,1.2,0.6504,0.99,0.99,7419
2015-08-11,0.99,1.29,905,1.29,1.29,2376
2015-08-12,1.29,1.88,1.26,1.88,1.88,4923
2015-08-13,1.88,2.1,1.79,1.79,1.79,11070
2015-08-14,1.79,1.79,1.5,1.79,1.79,14812
2015-08-15,1.79,1.79,0.5,1.37,1.37,10794
2015-08-16,1.37,1.59,1.25,1.3,1.3,6063
2015-08-17,1.3,1.36,1.15,1.36,1.36,2867
2015-08-18,1.36,1.36,0.99,1.24,1.24,4769
2015-08-19,1.24,1.52,1.24,1.52,1.52,1771
2015-08-20,1.52,1.53,1.44,1.44,1.44,9197
2015-08-21,1.44,1.44,1.4,1.4,1.4,321
2015-08-22,1.4,1.4,1.31,1.35,1.35,438
2015-08-23,1.35,1.35,1.24,1.24,1.24,6460
2015-08-24,1.24,1.28,1.22,1.27,1.27,1188
2015-08-25,1.27,1.27,1.08,1.18,1.18,2337
2015-08-26,1.18,1.19,1.14,1.14,1.14,269
2015-08-27,1.14,1.3,1.14,1.3,1.3,26922
2015-08-28,1.3,1.3,1.15,1.18,1.18,383
2015-08-29,1.18,1.35,1.17,1.32,1.32,10975
2015-08-30,1.32,1.32,0.9,1.31,1.31,3959
2015-08-31,1.31,1.38,1.31,1.36,1.36,1220
2015-09-01,1.36,1.37,1.14,1.14,1.14,698
2015-09-02,1.14,1.33,1.14,1.23,1.23,3717
2015-09-03,1.28,1.4,1.28,1.35,1.35,18
2015-09-04,1.23,1.37,1.23,1.37,1.37,10437
2015-09-05,1.37,1.39,1.34,1.34,1.34,145
2015-09-06,1.34,1.34,1.28,1.28,1.28,526
2015-09-07,1.28,1.28,1.26,1.26,1.26,103
2015-09-08,1.26,1.26,1.21,1.21,1.21,27
2015-09-09,1.21,1.21,1.12,1.19,1.19,3361
2015-09-10,1.19,1.19,0.9242,0.9242,0.9242,3066
2015-09-11,0.9242,1.15,0.9242,1.15,1.15,513
2015-09-12,1.15,1.15,0.8837,0.8856,0.8856,3817
2015-09-13,0.8856,0.9622,885,955,955,805
2015-09-14,955,1,804,0.95,0.95,2273
2015-09-15,0.95,0.9563,0.9363,0.9363,0.9363,47
2015-09-16,0.9363,0.9363,0.8238,875,875,129
2015-09-17,875,0.88,0.8523,0.8523,0.8523,593
2015-09-18,0.8523,0.89,0.8013,0.89,0.89,3
2015-09-19,0.89,0.89,0.88,0.8871,0.8871,12
2015-09-20,0.8871,0.95,0.8871,0.9412,0.9412,171
2015-09-21,0.9412,0.9412,0.8059,0.8059,0.8059,175
2015-09-22,0.8059,0.91,0.8059,0.91,0.91,13
2015-09-23,0.91,0.91,0.8,0.8,0.8,568
2015-09-24,0.8,0.8,0.6823,0.6823,0.6823,2184
2015-09-25,0.6823,0.7703,0.6805,0.7703,0.7703,58
2015-09-26,0.7703,0.7703,0.7007,0.7008,0.7008,10
2015-09-27,0.7008,0.7047,0.6,0.6,0.6,3491
2015-09-28,0.6,0.6816,0.5,0.6816,0.6816,11590
2015-09-29,0.6816,0.74,0.5046,0.7137,0.7137,529
2015-09-30,0.7137,0.7137,0.6545,0.6548,0.6548,457
2015-10-01,0.6548,666,0.6548,0.6647,0.6647,266
2015-10-02,0.6647,0.6796,0.6647,0.6796,0.6796,34
2015-10-03,0.6796,0.6747,0.6095,0.6095,0.6095,533
2015-10-04,0.6095,0.6095,0.6078,0.6078,0.6078,35
2015-10-05,0.6078,0.6511,0.6091,0.6511,0.6511,15
2015-10-06,0.6511,611,0.6,0.6,0.6,1236
2015-10-07,0.6,0.64,0.6,0.62,0.62,3673
2015-10-08,0.62,0.6352,0.5701,0.6352,0.6352,1298
2015-10-09,0.75,0.75,0.6351,0.6351,0.6351,0
2015-10-10,0.6352,0.5993,0.5993,0.5993,0.5993,8
2015-10-11,0.5993,639,0.63,0.63,0.63,13
2015-10-12,0.63,0.65,0.6016,0.6017,0.6017,471
2015-10-13,0.6017,0.6017,0.5,0.5,0.5,1538
2015-10-14,0.5,0.56,0.4832,0.56,0.56,128
2015-10-15,0.56,0.5622,525,525,525,210
2015-10-16,525,0.54,0.52,523,523,855
2015-10-17,523,0.52,505,505,505,534
2015-10-18,505,505,0.4821,0.5,0.5,780
2015-10-19,0.5,0.4805,0.44,0.44,0.44,682
2015-10-20,0.44,0.4719,0.42,0.42,0.42,707
2015-10-21,0.42,609,411,609,609,1759
2015-10-22,609,609,0.5,0.5649,0.5649,2166
2015-10-23,0.5649,0.5561,0.51,0.5561,0.5561,156
2015-10-24,0.5561,0.67,0.5875,0.62,0.62,902
2015-10-26,0.62,706,0.62,706,706,1190
2015-10-27,706,901,0.7012,0.83,0.83,1738
2015-10-28,0.83,1.01,0.82,0.99,0.99,4611
2015-10-29,0.99,1.2,0.9717,1.12,1.12,4937
2015-10-30,1.12,1.34,1.12,1.14,1.14,4346
2015-10-31,1.14,1.14,0.8676,0.8676,0.8676,804
2015-11-01,0.8676,0.99,0.8676,0.99,0.99,176
2015-11-02,0.99,1.06,0.9753,0.9878,0.9878,7192
2015-11-03,0.9878,1.06,0.8425,1.06,1.06,6124
2015-11-04,1.06,1.06,0.7987,799,799,5189
2015-11-05,799,1,799,0.8764,0.8764,1078
2015-11-06,0.8764,0.9899,0.79,0.9899,0.9899,3121
2015-11-07,0.9899,0.93,0.8647,0.93,0.93,1195
2015-11-08,0.93,1,0.8945,1,1,3067
2015-11-09,1,1.08,0.89,998,998,8903
2015-11-10,998,1,0.9,0.9,0.9,7531
2015-11-11,0.9,0.94,0.73,0.75,0.75,9539
2015-11-12,0.75,0.9,0.75,0.88,0.88,2032
2015-11-13,0.88,0.9,0.8395,0.9,0.9,1625
2015-11-14,0.9,0.91,0.8736,0.88,0.88,469
2015-11-15,0.88,0.9193,0.8746,0.9193,0.9193,770
2015-11-16,0.9193,925,0.6612,925,925,2699
2015-11-17,925,1,0.9224,1,1,9189
2015-11-18,1,1,0.95,0.9973,0.9973,3299
2015-11-19,0.9973,1,0.92,0.94,0.94,1221
2015-11-20,0.94,0.94,0.91,0.92,0.92,154
2015-11-21,0.92,0.96,0.92,0.96,0.96,378
2015-11-22,0.96,0.97,0.8827,0.97,0.97,236
2015-11-23,0.97,0.92,0.92,0.92,0.92,775
2015-11-24,0.92,0.95,0.91,0.91,0.91,544
2015-11-25,0.91,0.9126,0.8674,0.87,0.87,2775
2015-11-26,0.87,0.91,0.8155,0.86,0.86,4777
2015-11-27,0.86,0.89,0.88,0.88,0.88,719
2015-11-28,0.88,0.91,0.88,0.91,0.91,968
2015-11-29,0.91,0.91,0.85,0.87,0.87,2380
2015-11-30,0.87,0.88,0.8674,0.88,0.88,394
2015-12-01,0.88,0.8885,0.8423,0.87,0.87,2502
2015-12-02,0.87,0.87,0.8,0.82,0.82,3243
2015-12-03,0.82,0.83,0.7979,0.83,0.83,905
2015-12-04,0.83,0.84,0.8246,0.84,0.84,527
2015-12-05,0.84,0.8699,0.8351,0.8699,0.8699,785
2015-12-06,0.8699,0.87,825,825,825,765
2015-12-07,825,825,0.7829,0.79,0.79,1325
2015-12-08,0.79,898,0.7796,0.8102,0.8102,5379
2015-12-09,0.8102,0.8533,761,0.8051,0.8051,7556
2015-12-10,0.8051,0.8683,0.7797,0.8437,0.8437,5897
2015-12-11,0.8437,0.9,0.77,0.8998,0.8998,5965
2015-12-12,0.8998,0.96,0.8998,0.96,0.96,5089
2015-12-13,0.96,0.9749,0.8835,0.9199,0.9199,980
2015-12-14,0.9199,0.99,0.9628,0.99,0.99,4533
2015-12-15,0.99,1,0.96,1,1,8124
2015-12-16,1,1.1,0.8,803,803,5846
2015-12-17,803,0.9701,803,0.94,0.94,576
2015-12-18,0.94,0.94,0.9,0.9,0.9,376
2015-12-19,0.9,0.9193,0.8935,0.8935,0.8935,2153
2015-12-20,0.8935,1.07,0.8935,1.07,1.07,1380
2015-12-21,1.07,1.07,0.91,0.91,0.91,2543
2015-12-22,0.91,0.9999,0.88,0.88,0.88,6918
2015-12-23,0.88,0.9897,0.87,0.8709,0.8709,498
2015-12-24,0.8709,0.8899,0.85,0.87,0.87,1216
2015-12-25,0.87,0.88,0.8569,0.88,0.88,313
2015-12-26,0.88,1,0.85,853,853,2673
2015-12-27,853,918,0.84,918,918,1168
2015-12-28,918,918,0.84,0.8749,0.8749,3616
2015-12-29,0.8749,0.89,0.8433,0.86,0.86,458
2015-12-30,0.86,929,0.86,0.8925,0.8925,3942
2015-12-31,0.8925,0.9666,0.8925,0.9488,0.9488,766
2016-01-01,0.9488,0.9488,0.9184,0.92,0.92,43
2016-01-02,0.92,0.9547,0.92,0.9547,0.9547,68
2016-01-03,0.9547,0.97,0.9506,0.96,0.96,485
2016-01-04,0.96,0.9644,0.9186,0.95,0.95,787
2016-01-05,0.95,0.9599,0.9409,0.9426,0.9426,735
2016-01-06,0.9426,952,0.9292,0.95,0.95,1053
2016-01-07,0.95,0.96,0.93,0.94,0.94,1618
2016-01-08,0.94,985,0.94,985,985,6900
2016-01-09,985,998,0.9654,985,985,3030
2016-01-10,985,1,0.9902,1,1,1681
2016-01-11,1,1.1,1,1.08,1.08,8945
2016-01-12,1.08,1.25,1.05,1.22,1.22,27407
2016-01-13,1.22,1.22,1.07,1.14,1.14,9029
2016-01-14,1.14,1.16,1.1,1.16,1.16,2056
2016-01-15,1.16,1.33,1.16,1.2,1.2,8843
2016-01-16,1.2,1.32,1.2,1.22,1.22,8316
2016-01-17,1.22,1.31,1.21,1.31,1.31,2321
2016-01-18,1.31,1.55,1.31,1.47,1.47,49371
2016-01-19,1.47,1.47,1.22,1.22,1.22,4079
2016-01-20,1.22,1.61,1.22,1.54,1.54,7820
2016-01-21,1.54,1.61,1.4,1.54,1.54,39665
2016-01-22,1.54,1.66,1.42,1.52,1.52,11707
2016-01-23,1.52,2.03,1.39,2.03,2.03,50006
2016-01-24,2.03,2.3,1.1,2.1,2.1,130458
2016-01-25,2.1,2.88,2.05,2.5,2.5,52226
2016-01-26,2.5,2.8,2.25,2.3,2.3,117514
2016-01-27,2.3,2.8,1.88,2.42,2.42,39261
2016-01-28,2.42,2.61,2.24,2.55,2.55,15510
2016-01-29,2.55,2.61,2.21,2.41,2.41,67942
2016-01-30,2.41,2.6,2.37,2.44,2.44,8531
2016-01-31,2.44,2.54,2.2,2.2,2.2,39324
2016-02-01,2.2,2.32,2,2.17,2.17,27808
2016-02-02,2.17,2.45,2.12,2.45,2.45,20326
2016-02-03,2.45,2.54,2.3,2.53,2.53,16849
2016-02-04,2.53,2.79,2.5,2.57,2.57,37881
2016-02-05,2.57,2.59,2.47,2.56,2.56,26847
2016-02-06,2.56,2.57,2.48,2.53,2.53,14564
2016-02-07,2.53,3,2.51,3,3,50607
2016-02-08,3,3.24,2.75,3.16,3.16,68693
2016-02-09,3.16,3.97,3.14,3.76,3.76,112281
2016-02-10,3.76,4.98,3.5,4.35,4.35,420132
2016-02-11,4.35,6.38,3.44,6.38,6.38,237406
2016-02-12,6.38,6.47,5.05,5.27,5.27,329698
2016-02-13,5.27,5.8,4.07,5.22,5.22,309173
2016-02-14,5.22,5.41,4.5,5.2,5.2,105581
2016-02-15,5.2,5.98,4.5,5.22,5.22,157021
2016-02-16,5.22,5.44,4,4.25,4.25,149224
2016-02-17,4.25,4.78,3.5,3.86,3.86,194919
2016-02-18,3.86,4.75,3.32,4.36,4.36,160004
2016-02-19,4.36,4.75,4.06,4.45,4.45,67845
2016-02-20,4.45,4.72,4.01,4.37,4.37,59998
2016-02-21,4.37,4.63,4,4.63,4.63,96725
2016-02-22,4.63,5.84,4.5,5.6,5.6,184739
2016-02-23,5.6,6,5.32,5.7,5.7,167226
2016-02-24,5.7,6.5,5.51,6.23,6.23,203972
2016-02-25,6.23,6.64,5.55,5.93,5.93,301845
2016-02-26,5.93,6.29,5.71,6.03,6.03,94076
2016-02-27,6.03,6.5,5.75,6.31,6.31,190116
2016-02-28,6.31,6.54,6.15,6.5,6.5,88226
2016-02-29,6.5,6.62,6,6.35,6.35,104433
2016-03-01,6.35,7.6,6.25,7.59,7.59,429220
2016-03-02,7.59,9.9,7.04,8.7,8.7,467357
2016-03-03,8.7,9.94,8.3,9.35,9.35,862559
2016-03-04,9.35,9.96,8.27,9.96,9.96,908225
2016-03-05,9.96,12,9.75,11,11,1726260
2016-03-06,11,11.9,9.75,10.98,10.98,845841
2016-03-07,10.98,11.47,9.06,9.5,9.5,732233
2016-03-08,9.5,10.89,8.49,9.88,9.88,592001
2016-03-09,9.88,12,9.6,11.55,11.55,568223
2016-03-10,11.55,12.05,10.25,11.11,11.11,749105
2016-03-11,11.11,11.62,10.4,11.25,11.25,332692
2016-03-12,11.25,13.48,11.03,13.25,13.25,1669862
2016-03-13,13.25,15.18,12,15,15,1539173
2016-03-14,15,15,10.5,12.5,12.5,1909296
2016-03-15,12.5,13.45,10,13.09,13.09,978794
2016-03-16,13.09,13.75,12.8,12.92,12.92,593048
2016-03-17,12.92,13,10.2,11.14,11.14,1442272
2016-03-18,11.14,11.47,8.09,10.75,10.75,1629668
2016-03-19,10.75,11.19,9.8,10.55,10.55,512234
2016-03-20,10.55,10.85,9.52,10.06,10.06,469675
2016-03-21,10.06,11.99,9.93,11.97,11.97,819534
2016-03-22,11.97,12.2,10.95,10.96,10.96,727727
2016-03-23,10.96,12.5,10.96,12.29,12.29,654062
2016-03-24,12.29,12.48,10.84,11.13,11.13,749565
2016-03-25,11.13,11.4,10.51,10.69,10.69,555245
2016-03-26,10.69,11.38,10.58,11,11,265184
2016-03-27,10.5,11.83,10.3,11.58,11.58,711407
2016-03-28,11.58,11.8,11.19,11.73,11.73,472412
2016-03-29,11.73,12.13,11.21,11.88,11.88,644259
2016-03-30,11.88,12.13,11.33,11.41,11.41,469619
2016-03-31,11.41,11.89,11.27,11.63,11.63,230341
2016-04-01,11.63,11.67,11.35,11.61,11.61,109565
2016-04-02,11.61,11.64,11.46,11.58,11.58,143804
2016-04-03,11.58,11.63,10.99,11.1,11.1,368905
2016-04-04,11.1,11.26,10.01,10.39,10.39,848156
2016-04-05,10.39,11.13,10.25,10.79,10.79,347894
2016-04-06,10.79,10.8,9.9,10.08,10.08,499584
2016-04-07,10.08,10.32,9.59,9.74,9.74,345107
2016-04-08,9.74,10.05,9,9.16,9.16,582928
2016-04-09,9.16,9.2,7.35,8.8,8.8,1608160
2016-04-10,8.8,8.95,7.99,8.72,8.72,477247
2016-04-11,8.72,8.72,7.15,7.53,7.53,656699
2016-04-12,7.53,8.76,7,8.02,8.02,816613
2016-04-13,8.02,8.88,8,8.48,8.48,331212
2016-04-14,8.48,8.61,8.12,8.22,8.22,182732
2016-04-15,8.22,8.57,8.15,8.48,8.48,267873
2016-04-16,8.48,9.99,8.48,9.45,9.45,763315
2016-04-17,9.45,9.51,8.46,8.92,8.92,588238
2016-04-18,8.92,9.25,8.55,8.77,8.77,471842
2016-04-19,8.77,8.92,8.35,8.54,8.54,721266
2016-04-20,8.54,8.7,8,8.15,8.15,357687
2016-04-21,8.15,8.37,7.66,7.83,7.83,412692
2016-04-22,7.83,8.54,7.72,8.31,8.31,329479
2016-04-23,8.31,8.45,7.82,8,8,372438
2016-04-24,8,8.1,7.27,7.43,7.43,786134
2016-04-25,7.43,7.6,7.1,7.5,7.5,557777
2016-04-26,7.5,7.99,7.33,7.77,7.77,383755
2016-04-27,7.77,7.79,7.25,7.3,7.3,283192
2016-04-28,7.3,7.72,7.19,7.51,7.51,212926
2016-04-29,7.51,9.49,7.46,8.83,8.83,1391614
2016-04-30,8.83,9.19,8.42,8.76,8.76,396806
2016-05-01,8.76,10.43,8.75,10.03,10.03,1652336
2016-05-02,10.03,10.17,8.61,9.37,9.37,846402
2016-05-03,9.37,9.98,9.21,9.43,9.43,575918
2016-05-04,9.43,9.97,9.27,9.79,9.79,575232
2016-05-05,9.79,9.95,9.09,9.27,9.27,741537
2016-05-06,9.27,9.45,9.09,9.3,9.3,245436
2016-05-07,9.3,9.54,8.91,9.44,9.44,486475
2016-05-08,9.44,9.73,9.17,9.32,9.32,401181
2016-05-09,9.32,9.5,9.22,9.39,9.39,212391
2016-05-10,9.39,10.01,9.37,9.97,9.97,756859
2016-05-11,9.97,10.57,9.79,10.1,10.1,1270749
2016-05-12,10.1,11.12,10.04,10.48,10.48,1097388
2016-05-13,10.48,10.66,9.74,10.14,10.14,754171
2016-05-14,10.14,10.47,9.91,9.94,9.94,413310
2016-05-15,9.94,11.4,9.93,11.04,11.04,1547748
2016-05-16,11.04,12.6,11.03,12.26,12.26,2752386
2016-05-17,12.26,14.35,12.11,13.29,13.29,3335939
2016-05-18,13.29,14.65,13.02,14.49,14.49,2927687
2016-05-19,14.49,15.01,13.36,13.73,13.73,3107344
2016-05-20,13.73,14.02,12.91,13.95,13.95,1546478
2016-05-21,13.95,14.3,13.77,14.21,14.21,1270263
2016-05-22,14.21,14.4,13.32,13.45,13.45,1734447
2016-05-23,13.45,13.81,11.9,12.62,12.62,2893203
2016-05-24,12.62,12.9,11.82,12.53,12.53,1826871
2016-05-25,12.53,12.91,12.04,12.37,12.37,1301320
2016-05-26,12.37,12.33,10.39,11.11,11.11,3679168
2016-05-27,11.11,12.22,10.34,11.56,11.56,3181224
2016-05-28,11.56,12.43,11.37,12.28,12.28,2228732
2016-05-29,12.28,12.76,12.03,12.48,12.48,1065248
2016-05-30,12.48,14.28,12.43,13.85,13.85,3515815
2016-05-31,13.85,14.26,13.4,13.83,13.83,2302485
2016-06-01,13.83,14.08,13.62,13.78,13.78,1184334
2016-06-02,13.78,14.32,13.17,13.78,13.78,1686482
2016-06-03,13.78,13.91,13.33,13.66,13.66,1165878
2016-06-04,13.66,13.9,13.49,13.85,13.85,576616
2016-06-05,13.85,14.04,13.71,13.96,13.96,913782
2016-06-06,13.96,14.55,13.77,14.41,14.41,1831555
2016-06-07,14.41,14.76,14.3,14.44,14.44,2132214
2016-06-08,14.44,14.73,14.37,14.49,14.49,692699
2016-06-09,14.49,14.52,13.74,13.97,13.97,1773836
2016-06-10,13.97,14.17,13.76,14.01,14.01,799325
2016-06-11,14.01,15.6,13.91,15.57,15.57,4346663
2016-06-12,15.57,17.6,15.33,17.549999,17.549999,7459518
2016-06-13,17.549999,19.17,16.34,18.700001,18.700001,11077976
2016-06-14,18.700001,18.790001,17.51,18.299999,18.299999,3960403
2016-06-15,18.299999,21.35,18.209999,20.610001,20.610001,10598002
2016-06-16,20.610001,21.389999,13.44,15.49,15.49,38835782
2016-06-17,15.49,15.53,9.94,11.36,11.36,20282268
2016-06-18,11.36,13.53,10.55,12.33,12.33,7516494
2016-06-19,12.33,12.61,10.42,11.7,11.7,7368783
2016-06-20,11.7,12.76,11.08,12.71,12.71,5196251
2016-06-21,12.71,15.9,12.64,13.21,13.21,20239842
2016-06-22,13.21,13.91,12.48,13.58,13.58,5979901
2016-06-23,13.58,14.8,13.12,14.25,14.25,5307462
2016-06-24,14.25,14.62,13.89,14.28,14.28,2233332
2016-06-25,14.28,14.33,13.56,13.82,13.82,1615035
2016-06-26,13.82,14.43,13.6,14.04,14.04,1241424
2016-06-27,14.04,14.14,11.36,12.15,12.15,7059267
2016-06-28,12.15,12.98,11.59,12.76,12.76,3155698
2016-06-29,12.76,12.82,12.12,12.4,12.4,1682614
2016-06-30,12.4,12.55,11.65,12.23,12.23,2146235
2016-07-01,12.23,12.3,11.87,12.04,12.04,837313
2016-07-02,12.04,12.15,11.56,11.85,11.85,1270392
2016-07-03,11.85,11.88,10.67,11.34,11.34,1827745
2016-07-04,11.34,11.41,8.98,10.45,10.45,6584753
2016-07-05,10.45,11.07,10.16,10.51,10.51,2068628
2016-07-06,10.51,10.6,9.69,10.07,10.07,1889826
2016-07-07,10.07,11.67,9.96,11.3,11.3,3259343
2016-07-08,11.3,11.5,10.68,10.92,10.92,2172756
2016-07-09,10.92,11.14,10.77,10.97,10.97,542703
2016-07-10,10.97,11.03,10.1,10.58,10.58,1754036
2016-07-11,10.58,10.84,10.43,10.54,10.54,987728
2016-07-12,10.54,10.67,10.39,10.44,10.44,836101
2016-07-13,10.44,11.69,10.37,11.55,11.55,3803996
2016-07-14,11.55,12.64,11.4,11.88,11.88,5989467
2016-07-15,11.88,12.12,11.5,11.59,11.59,1741687
2016-07-16,11.59,11.73,10.9,11.19,11.19,4958378
2016-07-17,11.19,11.66,10.9,11.03,11.03,2657743
2016-07-18,11.03,12.1,10.95,11.63,11.63,4055734
2016-07-19,11.63,13,11.4,12.54,12.54,11258732
2016-07-20,12.54,12.92,12.02,12.66,12.66,5314646
2016-07-21,12.66,15.06,12.57,14.82,14.82,14161594
2016-07-22,14.82,15.27,13.99,14.4,14.4,7061906
2016-07-23,14.4,14.68,12.15,12.63,12.63,13418374
2016-07-24,12.63,13.88,12.59,13.84,13.84,5674967
2016-07-25,13.84,13.9,11.74,12.08,12.08,10981872
2016-07-26,12.08,13.52,11.73,13.05,13.05,5077547
2016-07-27,13.05,13.08,12.48,12.87,12.87,3121650
2016-07-28,12.87,12.93,12.56,12.87,12.87,2029034
2016-07-29,12.87,12.88,12.53,12.57,12.57,2030259
2016-07-30,12.57,12.56,11.54,11.86,11.86,3358462
2016-07-31,11.86,12.05,10.15,11.04,11.04,3610696
2016-08-01,11.04,11.2,7.03,8.3,8.3,10863339
2016-08-02,8.3,10.64,8.09,10.42,10.42,4834647
2016-08-03,10.42,11.53,10.25,11.21,11.21,2985961
2016-08-04,11.21,11.32,10.73,11.05,11.05,1126449
2016-08-05,11.05,11.09,10.34,10.95,10.95,1043336
2016-08-06,10.95,11.13,10.76,10.98,10.98,1377540
2016-08-07,10.98,11.49,10.83,11.29,11.29,2281375
2016-08-08,11.29,12.43,11.17,12.22,12.22,4071702
2016-08-09,12.22,12.67,11.86,12.22,12.22,5255819
2016-08-10,12.22,12.35,11.59,11.68,11.68,3016560
2016-08-11,11.68,12.04,11.58,11.78,11.78,2065414
2016-08-12,11.78,11.83,11.49,11.56,11.56,1193514
2016-08-13,11.56,11.71,11.08,11.21,11.21,1638525
2016-08-14,11.21,11.43,10.97,11.21,11.21,1373317
2016-08-15,11.21,11.43,10.98,11.17,11.17,1261077
2016-08-16,11.17,11.23,10.71,10.77,10.77,2530514
2016-08-17,10.77,11.07,10.74,10.77,10.77,1436468
2016-08-18,10.77,10.85,10.64,10.71,10.71,977152
2016-08-19,10.71,11.35,10.68,11.28,11.28,1576304
2016-08-20,11.28,11.31,10.96,11.14,11.14,548398
2016-08-21,11.14,11.37,11.04,11.07,11.07,1196884
2016-08-22,11.07,11.22,10.87,11.01,11.01,1117682
2016-08-23,11.01,11.17,10.92,11.01,11.01,739274
2016-08-24,11.01,11.36,10.98,11.35,11.35,1230358
2016-08-25,11.35,11.44,11.19,11.26,11.26,847110
2016-08-26,11.26,11.29,11.15,11.19,11.19,485209
2016-08-27,11.19,11.21,10.98,10.99,10.99,793760
2016-08-28,10.99,11.16,10.77,10.95,10.95,1106816
2016-08-29,10.95,11.3,10.94,11.21,11.21,967365
2016-08-30,11.21,11.74,11.14,11.55,11.55,1283480
2016-08-31,11.55,12.6,11.55,12.21,12.21,3084388
2016-09-01,12.21,12.37,11.92,12.08,12.08,1731750
2016-09-02,12.08,12.41,11.55,11.85,11.85,1552172
2016-09-03,11.85,11.93,11.49,11.71,11.71,912660
2016-09-04,11.71,11.83,11.59,11.75,11.75,508640
2016-09-05,11.75,11.76,11.45,11.7,11.7,870183
2016-09-06,11.7,11.86,11.5,11.59,11.59,704039
2016-09-07,11.59,11.72,11.29,11.39,11.39,1182869
2016-09-08,11.39,11.76,11.29,11.72,11.72,1395640
2016-09-09,11.72,12.06,11.49,12.05,12.05,1011883
2016-09-10,12.05,12.2,11.58,11.64,11.64,1253034
2016-09-11,11.64,11.96,11.62,11.89,11.89,724255
2016-09-12,11.89,12.14,11.82,11.92,11.92,3108044
2016-09-13,11.92,12.06,11.76,11.97,11.97,1189503
2016-09-14,11.97,12.14,11.89,11.96,11.96,1642142
2016-09-15,11.96,12.81,11.89,12.61,12.61,2298783
2016-09-16,12.61,12.92,12.43,12.83,12.83,874551
2016-09-17,12.83,13,12.21,12.39,12.39,2999604
2016-09-18,12.39,13.16,12.36,12.93,12.93,1570880
2016-09-19,12.93,14.75,12.92,14.72,14.72,4649566
2016-09-20,14.72,14.84,13.18,13.72,13.72,3597165
2016-09-21,13.72,13.84,12.37,13.11,13.11,3037294
2016-09-22,13.11,13.46,13.08,13.36,13.36,1001985
2016-09-23,13.36,13.4,12.63,12.91,12.91,1202185
2016-09-24,12.91,13.17,12.79,13.05,13.05,565459
2016-09-25,13.05,13.16,12.8,12.89,12.89,783983
2016-09-26,12.89,13.3,12.83,13.09,13.09,1086159
2016-09-27,13.09,13.56,13.06,13.3,13.3,1122919
2016-09-28,13.3,13.38,13.09,13.17,13.17,878164
2016-09-29,13.17,13.39,13.06,13.24,13.24,889551
2016-09-30,13.24,13.3,13.07,13.21,13.21,824667
2016-10-01,13.21,13.3,13.15,13.23,13.23,631029
2016-10-02,13.23,13.51,13.18,13.45,13.45,922433
2016-10-03,13.45,13.56,13.23,13.32,13.32,1307651
2016-10-04,13.32,13.44,13.09,13.09,13.09,1087377
2016-10-05,13.09,13.19,12.66,12.87,12.87,1424912
2016-10-06,12.87,13.08,12.5,12.68,12.68,1313504
2016-10-07,12.68,12.76,12.04,12.24,12.24,1494626
2016-10-08,12.24,12.41,11.97,12.06,12.06,1339556
2016-10-09,12.06,12.15,11.6,11.74,11.74,2039638
2016-10-10,11.74,12.23,11.7,11.75,11.75,1355534
2016-10-11,11.75,12.09,11.68,11.77,11.77,1348844
2016-10-12,11.77,12.1,11.74,12.02,12.02,1210242
2016-10-13,12.02,12.06,11.84,11.9,11.9,794319
2016-10-14,11.9,11.98,11.76,11.96,11.96,625037
2016-10-15,11.96,12.04,11.87,11.93,11.93,425194
2016-10-16,11.93,12,11.82,11.98,11.98,921893
2016-10-17,11.98,12.92,11.93,12.5,12.5,2086531
2016-10-18,12.5,12.65,11.88,11.98,11.98,1413674
2016-10-19,11.98,12.26,11.93,12.05,12.05,884658
2016-10-20,12.05,12.13,11.97,12.07,12.07,396002
2016-10-21,12.07,12.16,11.9,12.06,12.06,577127
2016-10-22,12.06,12.09,11.9,11.95,11.95,500515
2016-10-23,11.95,12.02,11.89,11.93,11.93,676684
2016-10-24,11.93,11.96,11.08,11.38,11.38,2217209
2016-10-25,11.38,11.69,11.29,11.5,11.5,906595
2016-10-26,11.5,11.57,11.21,11.43,11.43,1185604
2016-10-27,11.43,11.6,10.93,11.08,11.08,1744841
2016-10-28,11.08,11.25,9.42,10.39,10.39,3189413
2016-10-29,10.39,11.42,10.28,11.22,11.22,1221192
2016-10-31,11.22,11.64,10.86,10.91,10.91,1472033
2016-11-01,10.91,11.19,10.32,10.75,10.75,2120518
2016-11-02,10.75,11.16,10.69,10.82,10.82,1354204
2016-11-03,10.82,11.12,10.71,10.86,10.86,1572227
2016-11-04,10.86,11.15,10.8,11.13,11.13,884314
2016-11-05,11.13,11.21,10.98,11.11,11.11,457396
2016-11-06,11.11,11.16,10.89,10.97,10.97,485095
2016-11-07,10.97,11.04,10.85,10.9,10.9,782734
2016-11-08,10.9,11.01,10.79,10.86,10.86,998744
2016-11-09,10.86,10.83,10.16,10.64,10.64,1986925
2016-11-10,10.64,10.73,10.44,10.52,10.52,443281
2016-11-11,10.52,10.67,10.19,10.29,10.29,775064
2016-11-12,10.29,10.34,9.64,9.96,9.96,1155624
2016-11-13,9.96,10.38,9.68,10.13,10.13,810621
2016-11-14,10.13,10.17,9.9,10,10,565262
2016-11-15,10,10.32,9.81,10.22,10.22,796438
2016-11-16,10.22,10.38,9.85,10.01,10.01,1257139
2016-11-17,10.01,10.14,9.81,9.95,9.95,1108257
2016-11-18,9.95,9.99,9.42,9.53,9.53,1198775
2016-11-19,9.53,9.76,9.45,9.7,9.7,664066
2016-11-20,9.7,9.76,9.5,9.57,9.57,486220
2016-11-21,9.57,9.65,9.43,9.56,9.56,450573
2016-11-22,9.56,10.25,9.51,9.84,9.84,1239793
2016-11-23,9.84,9.93,9.71,9.78,9.78,456302
2016-11-24,9.78,9.82,8.69,9.22,9.22,1867383
2016-11-25,9.22,9.75,9.17,9.39,9.39,716441
2016-11-26,9.39,9.49,9.25,9.34,9.34,293525
2016-11-27,9.34,9.34,8.64,8.91,8.91,1353644
2016-11-28,8.91,9.04,8.56,8.66,8.66,883086
2016-11-29,8.66,8.71,7.8,8.18,8.18,2178363
2016-11-30,8.18,8.73,8.07,8.59,8.59,1370387
2016-12-01,8.59,8.67,8.27,8.44,8.44,830842
2016-12-02,8.44,8.44,7.3,7.65,7.65,3086902
2016-12-03,7.65,8.13,7.44,7.9,7.9,1424715
2016-12-04,7.9,7.92,7.42,7.54,7.54,728686
2016-12-05,7.54,7.6,6.53,6.69,6.69,2211620
2016-12-06,6.69,7.8,5.97,7.61,7.61,4244346
2016-12-07,7.61,8.55,7.39,8.35,8.35,1716783
2016-12-08,8.35,8.9,8.19,8.3,8.3,1798741
2016-12-09,8.3,8.64,7.98,8.52,8.52,1200256
2016-12-10,8.52,8.58,8.01,8.09,8.09,862005
2016-12-11,8.09,8.25,8.06,8.2,8.2,424995
2016-12-12,8.2,8.6,8.15,8.45,8.45,1036639
2016-12-13,8.45,8.54,8.31,8.4,8.4,588447
2016-12-14,8.4,8.47,8.2,8.23,8.23,572590
2016-12-15,8.23,8.28,7.67,7.76,7.76,1657356
2016-12-16,7.76,7.94,7.75,7.85,7.85,545242
2016-12-17,7.85,7.87,7.47,7.66,7.66,931231
2016-12-18,7.66,7.94,7.66,7.89,7.89,596318
2016-12-19,7.89,7.92,7.57,7.61,7.61,561539
2016-12-20,7.61,7.76,7.54,7.59,7.59,535548
2016-12-21,7.59,7.96,7.57,7.87,7.87,871421
2016-12-22,7.87,7.92,7.48,7.64,7.64,1484702
2016-12-23,7.64,7.64,7.05,7.16,7.16,1661753
2016-12-24,7.16,7.44,7.02,7.23,7.23,536182
2016-12-25,7.23,7.31,7.1,7.19,7.19,417117
2016-12-26,7.19,7.3,6.98,7.21,7.21,544580
2016-12-27,7.21,7.34,7.03,7.15,7.15,652961
2016-12-28,7.15,7.72,7.03,7.57,7.57,1766689
2016-12-29,7.57,8.51,7.49,8.21,8.21,3493858
2016-12-30,8.21,8.48,7.99,8.16,8.16,1329431
2016-12-31,8.16,8.23,7.92,8.05,8.05,1105687
2017-01-01,8.05,8.54,8.02,8.14,8.14,1347147
2017-01-02,8.14,8.47,8.03,8.33,8.33,1292250
2017-01-03,8.33,9.94,8.18,9.59,9.59,5292231
2017-01-04,9.59,10.89,9.31,10.88,10.88,7005140
2017-01-05,10.88,11.63,9.07,10.2,10.2,9120265
2017-01-06,10.2,10.42,9.44,10.07,10.07,3477359
2017-01-07,10.07,10.12,9.47,9.78,9.78,1942619
2017-01-08,9.78,10.39,9.67,10.27,10.27,1933043
2017-01-09,10.27,10.75,10.03,10.2,10.2,2324307
2017-01-10,10.2,10.68,10.23,10.55,10.55,1592370
2017-01-11,10.55,10.72,9.49,9.83,9.83,3510206
2017-01-12,9.83,10.23,9.14,9.81,9.81,2340175
2017-01-13,9.81,9.9,9.47,9.78,9.78,1201195
2017-01-14,9.78,9.91,9.63,9.78,9.78,610220
2017-01-15,9.78,9.99,9.73,9.88,9.88,466935
2017-01-16,9.88,10.12,9.55,9.59,9.59,857365
2017-01-17,9.59,10.53,9.56,10.14,10.14,2847715
2017-01-18,10.14,10.46,9.91,10.19,10.19,1986053
2017-01-19,10.19,10.52,10.17,10.43,10.43,1181087
2017-01-20,10.43,10.75,10.31,10.6,10.6,1630007
2017-01-21,10.6,11,10.54,10.91,10.91,1663670
2017-01-22,10.91,11.01,10.6,10.71,10.71,1443235
2017-01-23,10.71,10.96,10.63,10.78,10.78,1035512
2017-01-24,10.78,10.87,10.49,10.51,10.51,1330265
2017-01-25,10.51,10.65,10.4,10.51,10.51,864774
2017-01-26,10.51,10.67,10.48,10.65,10.65,940417
2017-01-27,10.65,10.67,10.41,10.51,10.51,1060899
2017-01-28,10.51,10.57,10.44,10.54,10.54,764915
2017-01-29,10.54,10.56,10.44,10.47,10.47,412832
2017-01-30,10.47,10.77,10.42,10.62,10.62,1369992
2017-01-31,10.62,10.8,10.53,10.71,10.71,2020510
2017-02-01,10.71,10.87,10.53,10.71,10.71,2367496
2017-02-02,10.71,10.92,10.57,10.78,10.78,2738130
2017-02-03,10.78,10.95,10.55,10.95,10.95,2590189
2017-02-04,10.95,11.4,10.88,11.32,11.32,2507121
2017-02-05,11.32,11.39,11.1,11.22,11.22,904300
2017-02-06,11.22,11.39,11.18,11.32,11.32,970692
2017-02-07,11.32,11.55,11.26,11.45,11.45,1481700
2017-02-08,11.45,11.6,11.11,11.39,11.39,1842031
2017-02-09,11.39,11.49,10.53,10.94,10.94,3312153
2017-02-10,10.94,11.44,10.81,11.34,11.34,1955534
2017-02-11,11.34,11.45,11.28,11.43,11.43,1131595
2017-02-12,11.43,11.49,11.34,11.42,11.42,679904
2017-02-13,11.42,11.49,11.19,11.39,11.39,1044736
2017-02-14,11.39,14.05,11.32,13,13,8633943
2017-02-15,13,13.68,12.63,12.97,12.97,3998609
2017-02-16,12.97,13.06,12.64,12.95,12.95,26181931
2017-02-17,12.95,12.94,12.68,12.72,12.72,2015038
2017-02-18,12.72,12.89,12.71,12.83,12.83,1270318
2017-02-19,12.83,12.92,12.74,12.82,12.82,1028415
2017-02-20,12.82,12.9,12.48,12.52,12.52,1980817
2017-02-21,12.52,12.84,12.25,12.77,12.77,2738193
2017-02-22,12.77,12.9,12.62,12.69,12.69,1724079
2017-02-23,12.69,13.3,12.64,13.13,13.13,2869257
2017-02-24,13.13,13.29,12.72,13.11,13.11,3472766
2017-02-25,13.11,13.78,12.97,13.57,13.57,3554709
2017-02-26,13.57,14.65,13.37,14.59,14.59,4621619
2017-02-27,14.59,16.09,14.3,15.55,15.55,8252909
2017-02-28,15.55,16.75,15.19,16.07,16.07,19857331
2017-03-01,16.07,17.65,15.68,17.549999,17.549999,13731714
2017-03-02,17.549999,19.639999,16.58,19.08,19.08,19994584
2017-03-03,19.08,21.059999,17.809999,19.48,19.48,24152328
2017-03-04,19.48,20.190001,18.559999,18.610001,18.610001,7413157
2017-03-05,18.610001,19.4,18.1,19.219999,19.219999,5782306
2017-03-06,19.219999,20.299999,19,19.75,19.75,10247940
2017-03-07,19.75,19.809999,18.52,18.91,18.91,11143090
2017-03-08,18.91,18.93,16.51,16.540001,16.540001,13176714
2017-03-09,16.540001,18.129999,15.94,17.709999,17.709999,9124768
2017-03-10,17.709999,19.68,16.57,19.129999,19.129999,25211751
2017-03-11,19.129999,21.639999,18.719999,21.450001,21.450001,16305702
2017-03-12,21.450001,23.809999,21.200001,23.309999,23.309999,18139890
2017-03-13,23.309999,31.040001,23.299999,28.450001,28.450001,62404918
2017-03-14,28.450001,29.879999,26.91,28.58,28.58,20686242
2017-03-15,28.58,35.32,28.309999,35.18,35.18,41558801
2017-03-16,35.18,46.549999,34.759998,45.509998,45.509998,110340100
2017-03-17,45.509998,54.880001,34.549999,44.48,44.48,126403905
2017-03-18,44.48,45.240002,30.629999,34,34,78375178
2017-03-19,34,45.549999,33.400002,43.119999,43.119999,66179861
2017-03-20,43.119999,45.509998,40.93,42.509998,42.509998,36051939
2017-03-21,42.509998,43.799999,41.68,42.669998,42.669998,20719388
2017-03-22,42.669998,42.939999,38.560001,41.650002,41.650002,24709533
2017-03-23,41.650002,44.259998,40.59,43.200001,43.200001,23891682
2017-03-24,43.200001,53.740002,42.77,53.189999,53.189999,73808171
2017-03-25,53.189999,53.59,47.619999,50.619999,50.619999,54975694
2017-03-26,50.630001,51.720001,48.330002,49.060001,49.060001,24298571
2017-03-27,49.060001,50.549999,48.5,50.25,50.25,22561201
2017-03-28,50.25,53.970001,50.080002,53.07,53.07,38472526
2017-03-29,53.07,53.630001,51.360001,51.91,51.91,21489377
2017-03-30,51.91,52.220001,46.830002,49.91,49.91,37271970
2017-03-31,49.91,51.77,48.650002,50.599998,50.599998,16332366
2017-04-01,50.599998,51.150002,47.580002,48.549999,48.549999,29315614
2017-04-02,48.549999,48.759998,42.490002,44.130001,44.130001,44841678
2017-04-03,44.130001,45.970001,41.279999,44.43,44.43,30705300
2017-04-04,44.43,47.490002,44.119999,44.900002,44.900002,21702217
2017-04-05,44.900002,45.869999,40.990002,43.23,43.23,23956305
2017-04-06,43.23,44.580002,41.580002,42.310001,42.310001,12658079
2017-04-07,42.310001,45.77,42.169998,44.369999,44.369999,12638180
2017-04-08,44.369999,44.73,42.790001,43.720001,43.720001,7984771
2017-04-09,43.720001,44.57,42.490002,43.740002,43.740002,9252478
2017-04-10,43.740002,44.43,43.470001,43.740002,43.740002,6477981
2017-04-11,43.740002,47.889999,43.259998,46.380001,46.380001,22030599
2017-04-12,46.380001,51.040001,46.139999,49.970001,49.970001,28170249
2017-04-13,49.970001,50.099998,46.529999,47.32,47.32,15807873
2017-04-14,47.32,62.029999,46.889999,48.889999,48.889999,10687561
2017-04-15,48.889999,49.23,47.540001,48.220001,48.220001,4563693
2017-04-16,48.220001,48.529999,47.57,47.939999,47.939999,8322156
2017-04-17,47.939999,50.25,47.75,49.880001,49.880001,22065841
2017-04-18,49.880001,50.5,46.860001,47.880001,47.880001,19057555
2017-04-19,47.880001,49.560001,47.509998,49.360001,49.360001,15519870
2017-04-20,49.360001,49.459999,48.09,48.27,48.27,9824903
2017-04-21,48.27,48.939999,47.98,48.41,48.41,7451077
2017-04-22,48.41,48.919998,47.91,48.75,48.75,8709584
2017-04-23,48.75,50.41,48.720001,49.939999,49.939999,12211894
2017-04-24,49.939999,50.610001,49.790001,50.09,50.09,8566119
2017-04-25,50.09,54.610001,50.009998,53.279999,53.279999,28727738
2017-04-26,53.279999,63.419998,52.43,63.139999,63.139999,45226868
2017-04-27,63.139999,73.849998,62.080002,72.419998,72.419998,71238627
2017-04-28,72.419998,74.029999,67.620003,69.830002,69.830002,38785700
2017-04-29,69.830002,81.260002,69.279999,79.830002,79.830002,45723362
2017-04-30,79.830002,83.870003,71.459999,77.529999,77.529999,99260395
2017-05-01,77.529999,81.239998,74.639999,77.25,77.25,43090049
2017-05-02,77.25,80.959999,75.400002,80.370003,80.370003,38833085
2017-05-03,80.370003,95.309998,79.339996,94.550003,94.550003,84572615
2017-05-04,94.550003,97.660004,87.110001,90.790001,90.790001,72828175
2017-05-05,90.790001,95.599998,90.559998,94.82,94.82,30584898
2017-05-06,94.82,96.370003,62.740002,90.459999,90.459999,45495746
2017-05-07,90.459999,93.449997,80.93,88.389999,88.389999,50131802
2017-05-08,88.389999,89.580002,75.07,86.269997,86.269997,63784971
2017-05-09,86.269997,91.32,84.989998,87.830002,87.830002,28478144
2017-05-10,87.830002,90.550003,85.769997,88.199997,88.199997,32402025
2017-05-11,88.199997,90.57,83.150002,85.150002,85.150002,37700850
2017-05-12,85.150002,88.589996,81.809998,87.959999,87.959999,18579547
2017-05-13,87.959999,89.699997,86.330002,88.720001,88.720001,14701160
2017-05-14,88.720001,94.300003,86.75,90.32,90.32,50259306
2017-05-15,90.32,92.18,85.68,87.800003,87.800003,38782037
2017-05-16,87.800003,89.400002,81.989998,86.980003,86.980003,39565758
2017-05-17,86.980003,96.099998,86.690002,95.879997,95.879997,46394766
2017-05-18,95.879997,129.470001,95.730003,124.379997,124.379997,130687977
2017-05-19,124.379997,129.070007,120.610001,123.059998,123.059998,63750018
2017-05-20,123.059998,148.600006,121.720001,148,148,110402028
2017-05-21,148,181.460007,133.380005,160.389999,160.389999,274191653
2017-05-22,160.389999,176.039993,155.059998,169.5,169.5,114242328
2017-05-23,169.5,201.149994,167.809998,193.029999,193.029999,175438578
2017-05-24,193.029999,216.100006,160.860001,177.330002,177.330002,238787495
2017-05-25,177.330002,197.669998,141.559998,162.830002,162.830002,180297613
2017-05-26,162.830002,169.619995,114.169998,156.630005,156.630005,220037050
2017-05-27,156.509995,182.360001,156.509995,172.860001,172.860001,127225150
2017-05-28,172.860001,197.740005,165.360001,194.169998,194.169998,117364507
2017-05-29,194.169998,232.080002,185.830002,228.580002,228.580002,259513540
2017-05-30,228.580002,233.919998,214.050003,228.639999,228.639999,225740686
2017-05-31,228.639999,235.520004,208,220.699997,220.699997,188744370
2017-06-01,220.699997,227.710007,216.940002,222.039993,222.039993,89635792
2017-06-02,222.039993,226.410004,218.789993,224.300003,224.300003,55938007
2017-06-03,224.300003,249.339996,223.880005,244.960007,244.960007,123696111
2017-06-04,244.960007,248.619995,241.5,247.75,247.75,83061054
2017-06-05,247.75,268.119995,246.5,264.26001,264.26001,189040588
2017-06-06,264.26001,264.799988,246.169998,255.770004,255.770004,115588722
2017-06-07,255.770004,260.769989,250.889999,259.410004,259.410004,90124852
2017-06-08,259.410004,279.140015,259.359985,279.109985,279.109985,121471877
2017-06-09,279.109985,351.820007,278.790009,335.950012,335.950012,286877358
2017-06-10,335.950012,351.209991,314.390015,339.679993,339.679993,215135870
2017-06-11,339.679993,417.209991,311.98999,394.660004,394.660004,549683393
2017-06-12,394.660004,399.5,359.700012,388.089996,388.089996,260123720
2017-06-13,388.089996,393.619995,317.230011,343.839996,343.839996,348212541
2017-06-14,343.839996,351.940002,260.779999,344.679993,344.679993,602112721
2017-06-15,344.679993,360.839996,316.829987,353.609985,353.609985,223997348
2017-06-16,353.609985,368.329987,342.850006,368.100006,368.100006,134453789
2017-06-17,368.100006,379.170013,341.290009,351.529999,351.529999,162855868
2017-06-18,351.529999,361.5,348.660004,358.200012,358.200012,106180717
2017-06-19,358.200012,365.220001,323.690002,350.529999,350.529999,201343473
2017-06-20,350.529999,352.829987,138.5,325.299988,325.299988,305462617
2017-06-21,325.299988,333.399994,308.209991,320.970001,320.970001,155828144
2017-06-22,320.970001,331.529999,319.619995,326.850006,326.850006,78597250
2017-06-23,326.850006,330.279999,298.730011,304.540009,304.540009,114491120
2017-06-24,304.540009,309.980011,253.300003,279.359985,279.359985,222961091
2017-06-25,279.359985,293.549988,209.550003,253.679993,253.679993,444174618
2017-06-26,253.679993,286.640015,211.470001,286.140015,286.140015,346738914
2017-06-27,286.140015,323.869995,260.890015,315.859985,315.859985,366875067
2017-06-28,315.859985,322.279999,285.890015,292.899994,292.899994,249819374
2017-06-29,292.899994,305.299988,270.429993,280.679993,280.679993,205409173
2017-06-30,280.679993,281.809998,253.179993,261,261,214127111
2017-07-01,261,293.299988,254.190002,283.98999,283.98999,189730463
2017-07-02,283.98999,284.309998,272.640015,276.410004,276.410004,139887958
2017-07-03,276.410004,282.320007,265.209991,269.049988,269.049988,141480666
2017-07-04,269.049988,274.029999,253.699997,266,266,162838117
2017-07-05,266,274.549988,261.570007,265.880005,265.880005,106470793
2017-07-06,265.880005,266.25,236.160004,240.940002,240.940002,171183446
2017-07-07,240.940002,248.350006,230.960007,245.669998,245.669998,139823006
2017-07-08,245.669998,251.789993,236.589996,237.720001,237.720001,76538488
2017-07-09,237.720001,240.089996,188.210007,205.759995,205.759995,274808713
2017-07-10,205.759995,216.160004,175.210007,190.550003,190.550003,368656185
2017-07-11,190.550003,227.059998,181.619995,224.149994,224.149994,289483936
2017-07-12,224.149994,226.660004,193.199997,205.410004,205.410004,196303864
2017-07-13,205.410004,207.070007,182.619995,197.139999,197.139999,181470096
2017-07-14,197.139999,198.710007,168.949997,169.100006,169.100006,176484014
2017-07-15,169.100006,171.910004,132.639999,155.419998,155.419998,374176884
2017-07-16,155.419998,190.259995,154.25,189.970001,189.970001,352420261
2017-07-17,189.970001,256.890015,177.419998,227.089996,227.089996,642203465
2017-07-18,227.089996,244.020004,187.210007,194.410004,194.410004,576048989
2017-07-19,194.410004,235.860001,194.410004,226.330002,226.330002,504434488
2017-07-20,226.330002,236.619995,209.460007,216.330002,216.330002,233383296
2017-07-21,216.330002,236.550003,215.300003,230.470001,230.470001,151128752
2017-07-22,230.470001,234.169998,220.300003,228.320007,228.320007,128301932
2017-07-23,228.320007,229.559998,224.039993,225.479996,225.479996,90165893
2017-07-24,225.479996,225.979996,192.639999,203.589996,203.589996,285374761
2017-07-25,203.589996,209.289993,193.100006,202.880005,202.880005,161659275
2017-07-26,202.880005,205.679993,198.929993,202.929993,202.929993,102009361
2017-07-27,202.929993,203.929993,189.770004,191.210007,191.210007,123425467
2017-07-28,191.210007,209.570007,177.690002,206.139999,206.139999,192325102
2017-07-29,206.139999,209.880005,194.119995,196.779999,196.779999,110586575
2017-07-30,196.779999,201.779999,190.529999,201.330002,201.330002,103641349
2017-07-31,201.330002,232.550003,201.270004,225.899994,225.899994,314260050
2017-08-01,225.899994,228.979996,215.710007,218.119995,218.119995,122967812
2017-08-02,218.119995,228.080002,217.839996,224.389999,224.389999,93201219
2017-08-03,224.389999,227.449997,219.729996,220.600006,220.600006,87804496
2017-08-04,220.600006,258.470001,219.720001,253.089996,253.089996,251531536
2017-08-05,253.089996,272.220001,251.789993,264.559998,264.559998,219315844
2017-08-06,264.559998,274.390015,257.410004,269.940002,269.940002,158590573
2017-08-07,269.940002,299.549988,266.940002,296.51001,296.51001,229459233
2017-08-08,296.51001,314.75,279.100006,295.279999,295.279999,439031586
2017-08-09,295.23999,310.179993,289.220001,298.279999,298.279999,173781086
2017-08-10,298.279999,310.359985,295.940002,309.320007,309.320007,146799311
2017-08-11,309.320007,319.140015,303.709991,308.019989,308.019989,198463746
2017-08-12,308.019989,308.869995,288.040009,296.619995,296.619995,209757139
2017-08-13,296.619995,306.299988,294.73999,299.160004,299.160004,138516552
2017-08-14,299.160004,299.709991,271.380005,286.519989,286.519989,209502360
2017-08-15,286.519989,303.290009,280.660004,301.380005,301.380005,143590085
2017-08-16,301.380005,310.429993,298.190002,300.299988,300.299988,141776697
2017-08-17,300.299988,306.519989,287.170013,292.619995,292.619995,155333057
2017-08-18,292.619995,298.790009,283.649994,293.019989,293.019989,133331931
2017-08-19,293.019989,298.779999,288.480011,298.200012,298.200012,86214711
2017-08-20,298.200012,345.440002,294.929993,321.850006,321.850006,371320147
2017-08-21,321.850006,329.390015,293.089996,313.369995,313.369995,255666010
2017-08-22,313.369995,325.100006,313.160004,317.399994,317.399994,136793702
2017-08-23,317.399994,328.649994,315.940002,325.279999,325.279999,113467892
2017-08-24,325.279999,337.23999,324.690002,330.059998,330.059998,142040413
2017-08-25,330.059998,334.700012,325.899994,332.859985,332.859985,70828266
2017-08-26,332.859985,347.920013,332.799988,347.880005,347.880005,113661914
2017-08-27,347.880005,350.5,335.410004,347.660004,347.660004,155518324
2017-08-28,347.660004,375.179993,347.23999,372.350006,372.350006,245077133
2017-08-29,372.350006,390.640015,367.410004,383.859985,383.859985,247280361
2017-08-30,383.859985,389.640015,380.890015,388.329987,388.329987,129260777
2017-08-31,388.329987,395.299988,386.709991,391.420013,391.420013,192664622
2017-09-01,391.420013,392.040009,328.869995,351.029999,351.029999,392672123
2017-09-02,351.029999,370.5,336.369995,352.450012,352.450012,220213614
2017-09-03,352.450012,352.450012,279.950012,303.700012,303.700012,518097340
2017-09-04,303.700012,324.369995,275.970001,317.940002,317.940002,285969365
2017-09-05,317.940002,341.769989,317.820007,338.920013,338.920013,207751167
2017-09-06,338.920013,338.920013,323.359985,335.369995,335.369995,145609934
2017-09-07,335.369995,335.390015,293.119995,306.720001,306.720001,307973324
2017-09-08,306.720001,309.070007,293.709991,303.790009,303.790009,127930167
2017-09-09,303.790009,305.76001,280.700012,299.209991,299.209991,179819553
2017-09-10,299.209991,308.299988,288.600006,297.950012,297.950012,149130023
2017-09-11,297.950012,316.380005,285.75,294.100006,294.100006,212949898
2017-09-12,294.100006,294.390015,257.160004,275.839996,275.839996,328829086
2017-09-13,275.839996,280.649994,222.059998,223.139999,223.139999,448360655
2017-09-14,223.139999,267.700012,200.75,259.570007,259.570007,601118554
2017-09-15,259.570007,272.429993,245.740005,254.490005,254.490005,213735353
2017-09-16,254.490005,265.779999,239.979996,258.399994,258.399994,129073620
2017-09-17,258.399994,300.690002,258.359985,297.529999,297.529999,316944028
2017-09-18,297.529999,299.910004,275.940002,283,283,211173075
2017-09-19,283,293.73999,277.720001,283.559998,283.559998,119360306
2017-09-20,283.559998,287.130005,252.220001,257.769989,257.769989,213821119
2017-09-21,257.769989,270.73999,254.279999,262.940002,262.940002,128332019
2017-09-22,262.940002,286.720001,259.579987,286.140015,286.140015,111790766
2017-09-23,286.140015,294.540009,276.25,282.600006,282.600006,129812958
2017-09-24,282.600006,297.01001,282.480011,294.890015,294.890015,125825077
2017-09-25,294.890015,295.890015,287.01001,288.640015,288.640015,77729398
2017-09-26,288.640015,312.640015,287.829987,309.970001,309.970001,155862803
2017-09-27,309.970001,310.23999,298.179993,302.769989,302.769989,116142194
2017-09-28,302.769989,303.540009,279.790009,292.579987,292.579987,189289895
2017-09-29,292.579987,305.910004,292.320007,302.769989,302.769989,82819424
2017-09-30,302.769989,304.790009,295.440002,303.950012,303.950012,66161942
2017-10-01,303.950012,304.130005,293.339996,296.809998,296.809998,87144370
2017-10-02,296.809998,299.920013,286.859985,291.809998,291.809998,88276884
2017-10-03,291.809998,295.570007,288.559998,291.679993,291.679993,67580849
2017-10-04,291.679993,297.470001,286.730011,294.98999,294.98999,59328523
2017-10-05,294.98999,309,293.75,308.329987,308.329987,80140194
2017-10-06,308.329987,314.119995,304.630005,311.26001,311.26001,83321062
2017-10-07,311.26001,313.519989,308.130005,309.48999,309.48999,67801593
2017-10-08,309.48999,310.140015,286.519989,296.950012,296.950012,140753204
2017-10-09,296.950012,305.950012,292.279999,298.459991,298.459991,80475858
2017-10-10,298.459991,305.119995,297.179993,302.859985,302.859985,67246675
2017-10-11,302.859985,308.769989,301.649994,302.890015,302.890015,130357482
2017-10-12,302.890015,347.700012,298.290009,336.829987,336.829987,325130767
2017-10-13,336.829987,347.140015,333.829987,338.809998,338.809998,118217861
2017-10-14,338.809998,341.929993,318.350006,336.579987,336.579987,154046243
2017-10-15,336.579987,352.390015,332.899994,334.230011,334.230011,170532984
2017-10-16,334.230011,334.420013,310.570007,316.140015,316.140015,133468389
2017-10-17,316.140015,316.339996,287.950012,313.540009,313.540009,164595270
2017-10-18,313.540009,316.380005,304.630005,307.410004,307.410004,92233614
2017-10-19,307.410004,312.109985,301.859985,303.079987,303.079987,91295399
2017-10-20,303.079987,303.089996,290.920013,299.549988,299.549988,91321527
2017-10-21,299.549988,305.890015,290.690002,294.029999,294.029999,67955886
2017-10-22,294.029999,294.25,274.959991,285.269989,285.269989,121924456
2017-10-23,285.269989,311.230011,280.01001,296.5,296.5,165128705
2017-10-24,296.5,300.359985,289.459991,296.350006,296.350006,72454123
2017-10-25,296.350006,299.369995,292.700012,295.540009,295.540009,47625722
2017-10-26,295.540009,298.899994,292.23999,296.359985,296.359985,45180916
2017-10-27,296.369995,297.049988,291.109985,293.350006,293.350006,41932396
2017-10-28,293.329987,311.299988,292.059998,304.040009,304.040009,107293933
2017-10-30,304.040009,311.940002,303.579987,306.799988,306.799988,57189166
2017-10-31,306.799988,310.859985,303.399994,303.640015,303.640015,65784953
2017-11-01,303.630005,304.769989,288.5,289.420013,289.420013,121046164
2017-11-02,289.420013,293.029999,276.890015,284.920013,284.920013,200255173
2017-11-03,284.920013,307.140015,284.850006,304.51001,304.51001,144510264
2017-11-04,304.51001,304.649994,294.049988,300.040009,300.040009,82749431
2017-11-05,300,300.649994,294.059998,296.230011,296.230011,63667315
2017-11-06,296.220001,306.799988,292.26001,296.820007,296.820007,112601694
2017-11-07,296.820007,303.76001,287.450012,291.839996,291.839996,155572238
2017-11-08,291.839996,319.200012,290.549988,307.350006,307.350006,245218193
2017-11-09,307.350006,329.209991,305.839996,319.660004,319.660004,207473774
2017-11-10,319.670013,324.220001,288.959991,296.859985,296.859985,242321395
2017-11-11,296.859985,320.049988,296.26001,314.230011,314.230011,163117794
2017-11-12,314.230011,317.220001,297.480011,306.019989,306.019989,269198764
2017-11-13,306.019989,318.579987,305.350006,314.600006,314.600006,174789178
2017-11-14,314.600006,337.149994,314.450012,334.720001,334.720001,256426287
2017-11-15,334.720001,345.179993,324.880005,331.200012,331.200012,171713343
2017-11-16,331.200012,334.850006,321.899994,330.320007,330.320007,157426941
2017-11-17,330.320007,334.549988,325.829987,331.720001,331.720001,124992568
2017-11-18,331.720001,349.459991,326.829987,346.649994,346.649994,141724984
2017-11-19,346.649994,371.320007,343.890015,354.600006,354.600006,225946121
2017-11-20,354.670013,372.820007,354.279999,367.709991,367.709991,167626773
2017-11-21,367.709991,372.869995,351.410004,360.519989,360.519989,251898109
2017-11-22,360.519989,381.609985,359.970001,380.839996,380.839996,164317320
2017-11-23,380.829987,424.920013,375.440002,406.570007,406.570007,414164352
2017-11-24,406.51001,478.380005,400.179993,470.429993,470.429993,394452948
2017-11-25,470.399994,483.380005,457.410004,464.609985,464.609985,301212841
2017-11-26,464.549988,471.5,451.119995,470.540009,470.540009,172973289
2017-11-27,470.450012,489.429993,462.470001,475.23999,475.23999,319587125
2017-11-28,475.200012,478.459991,459.910004,466.269989,466.269989,258005286
2017-11-29,466.23999,515.440002,409.350006,427.420013,427.420013,619578824
2017-11-30,427.299988,460.809998,396.140015,434.850006,434.850006,438013592
2017-12-01,435.309998,467.220001,416.769989,461.579987,461.579987,259931075
2017-12-02,461.579987,471.390015,449.690002,457.959991,457.959991,214732551
2017-12-03,457.959991,481.559998,445.570007,462.809998,462.809998,237918665
2017-12-04,462.920013,472.160004,446.640015,466.929993,466.929993,189877684
2017-12-05,466.929993,467.839996,451.470001,453.959991,453.959991,227246572
2017-12-06,453.959991,456.869995,413.130005,422.480011,422.480011,470223347
2017-12-07,422.390015,434.850006,404.160004,421.149994,421.149994,416652301
2017-12-08,420.76001,461.100006,410.329987,451.73999,451.73999,479837604
2017-12-09,451.779999,507.359985,448.089996,472.859985,472.859985,522718280
2017-12-10,472.309998,472.779999,428.299988,436.48999,436.48999,307733091
2017-12-11,436.540009,519.349976,436.01001,513.289978,513.289978,359245523
2017-12-12,513.359985,678.25,499.570007,656.52002,656.52002,997267993
2017-12-13,656.52002,755.070007,593.890015,699.090027,699.090027,1324617349
2017-12-14,699.090027,751.679993,662.289978,693.580017,693.580017,806129945
2017-12-15,693.580017,696.890015,614.330017,684.27002,684.27002,633348317
2017-12-16,684.090027,718.369995,678.52002,692.830017,692.830017,378863163
2017-12-17,692.320007,732.450012,691.950012,717.710022,717.710022,381124251
2017-12-18,717.72998,799.369995,679.799988,785.98999,785.98999,752383737
2017-12-19,786.169983,868.890015,767.590027,812.5,812.5,1094688835
2017-12-20,812.5,830.200012,713.75,799.169983,799.169983,889990388
2017-12-21,799.169983,840.549988,759.650024,789.390015,789.390015,725479885
2017-12-22,789.390015,794.159973,490.279999,657.830017,657.830017,1535685091
2017-12-23,657.809998,747.530029,651.099976,700.440002,700.440002,468771914
2017-12-24,700.440002,701.070007,597.119995,675.909973,675.909973,477777689
2017-12-25,676.080017,747.359985,671.710022,723.140015,723.140015,382873119
2017-12-26,723.140015,756.030029,722.22998,753.400024,753.400024,293691001
2017-12-27,753.440002,766.530029,706.669983,739.940002,739.940002,352542483
2017-12-28,739.929993,741.460022,671.22998,716.690002,716.690002,437323299
2017-12-29,716.690002,755.200012,710.200012,739.599976,739.599976,392497843
2017-12-30,739.599976,741.669983,663.880005,692.98999,692.98999,455555629
2017-12-31,692.98999,746.619995,686.440002,741.130005,741.130005,259822610
2018-01-01,741.090027,765.299988,724.330017,756.200012,756.200012,256171569
2018-01-02,756.169983,882.609985,756.169983,861.969971,861.969971,949013949
2018-01-03,861.969971,951.700012,847.900024,941.099976,941.099976,778108786
2018-01-04,941,997.440002,901.030029,944.830017,944.830017,780050914
2018-01-05,944.830017,1018.369995,933.97998,967.130005,967.130005,808280779
2018-01-06,967.130005,1010.169983,958.289978,1006.409973,1006.409973,381555969
2018-01-07,1006.409973,1117.839966,1003.210022,1117.75,1117.75,602250144
2018-01-08,1117.75,1228.25,967.840027,1136.109985,1136.109985,1292737991
2018-01-09,1136.109985,1300.300049,1133.699951,1289.23999,1289.23999,986697724
2018-01-10,1289.23999,1385.219971,1210.849976,1248.98999,1248.98999,1445484601
2018-01-11,1248.959961,1333.920044,1100.849976,1139.319946,1139.319946,1270849838
2018-01-12,1139.319946,1287.060059,1087.609985,1261.030029,1261.030029,704750432
2018-01-13,1261.060059,1422.859985,1261.01001,1385.02002,1385.02002,744906594
2018-01-14,1385.02002,1389.319946,1267.47998,1359.47998,1359.47998,610496132
2018-01-15,1359.380005,1381.349976,1271.069946,1278.689941,1278.689941,537797572
2018-01-16,1278.699951,1282.27002,864.22998,1050.26001,1050.26001,1931700742
2018-01-17,1050.26001,1115.660034,764.75,1024.689941,1024.689941,2034010888
2018-01-18,1024.900024,1093.900024,949.559998,1012.969971,1012.969971,1117430433
2018-01-19,1012.969971,1083.619995,982.619995,1037.359985,1037.359985,517599347
2018-01-20,1037.359985,1164.619995,1036.819946,1150.5,1150.5,545646401
2018-01-21,1150.5,1150.569946,1008.059998,1049.089966,1049.089966,543760385
2018-01-22,1049.089966,1084.280029,917,999.640015,999.640015,676845706
2018-01-23,999.75,1020.659973,908.309998,984.469971,984.469971,660805261
2018-01-24,984.47998,1062.599976,956.969971,1061.780029,1061.780029,521553676
2018-01-25,1061.609985,1102.420044,1022.200012,1046.369995,1046.369995,568607934
2018-01-26,1046.369995,1075.589966,987.130005,1048.579956,1048.579956,509049582
2018-01-27,1048.579956,1121.900024,1033.859985,1109.079956,1109.079956,395059716
2018-01-28,1109.079956,1240.469971,1101.619995,1231.579956,1231.579956,662174309
2018-01-29,1231.569946,1240.319946,1151.530029,1169.959961,1169.959961,515965244
2018-01-30,1169.939941,1173.180054,1034.719971,1063.75,1063.75,835962532
2018-01-31,1063.77002,1122.97998,1020.77002,1111.310059,1111.310059,550605628
2018-02-01,1111.290039,1155.579956,954.75,1026.189941,1026.189941,1033001644
2018-02-02,1026.189941,1027.660034,746.669983,917.469971,917.469971,1606436956
2018-02-03,917.469971,997.599976,845.179993,970.869995,970.869995,552868551
2018-02-04,970.869995,971.049988,781.359985,827.590027,827.590027,666593264
2018-02-05,826.340027,857.820007,629.080017,695.080017,695.080017,1272929187
2018-02-06,695.049988,801.72998,564.190002,785.01001,785.01001,1556542861
2018-02-07,785.159973,858.280029,718.280029,751.809998,751.809998,895500139
2018-02-08,751.859985,844.859985,750.02002,813.549988,813.549988,510550202
2018-02-09,813.549988,880.219971,781.5,877.880005,877.880005,469210004
2018-02-10,877.659973,909.320007,816.090027,850.75,850.75,451412405
2018-02-11,850.98999,853.73999,780.130005,811.23999,811.23999,308313754
2018-02-12,811.169983,874.849976,811.090027,865.27002,865.27002,300521830
2018-02-13,865.280029,867.599976,823.77002,840.97998,840.97998,256092877
2018-02-14,840.98999,922.369995,840.869995,920.109985,920.109985,470132510
2018-02-15,920.109985,947.530029,905.650024,927.950012,927.950012,454133646
2018-02-16,927.950012,945.359985,909.409973,938.02002,938.02002,282763877
2018-02-17,937.919983,974.830017,934.950012,974.77002,974.77002,276682460
2018-02-18,974.780029,981.47998,905.960022,913.900024,913.900024,375068724
2018-02-19,913.900024,955.619995,911.599976,939.789978,939.789978,218921662
2018-02-20,939.789978,958.859985,877.280029,885.52002,885.52002,344672330
2018-02-21,885.52002,906.559998,818.119995,840.099976,840.099976,445950029
2018-02-22,840.190002,871.320007,788.919983,804.630005,804.630005,362800754
2018-02-23,804.609985,882.419983,787.969971,854.700012,854.700012,340134173
2018-02-24,854.700012,874.719971,810.640015,833.48999,833.48999,255866976
2018-02-25,833.48999,849.52002,818.549988,840.280029,840.280029,171228507
2018-02-26,840.280029,880.119995,834.059998,867.619995,867.619995,247282448
2018-02-27,867.619995,894.919983,861.719971,871.580017,871.580017,201082786
2018-02-28,871.590027,887.51001,850.580017,851.5,851.5,195669597
2018-03-01,851.5,880.210022,846.719971,869.869995,869.869995,182033011
2018-03-02,869.840027,876.559998,849.98999,855.599976,855.599976,135957233
2018-03-03,855.599976,867.440002,852.859985,855.650024,855.650024,94471138
2018-03-04,855.650024,867.340027,838.359985,864.830017,864.830017,99578403
2018-03-05,864.919983,868.799988,849.280029,849.419983,849.419983,127303467
2018-03-06,849.570007,851.039978,803.650024,815.690002,815.690002,195875620
2018-03-07,815.650024,825.320007,726.380005,751.130005,751.130005,354361800
2018-03-08,751.130005,772.51001,688.840027,698.830017,698.830017,289838564
2018-03-09,698.830017,730.460022,642.059998,726.919983,726.919983,409323870
2018-03-10,726.76001,747.820007,678.650024,682.299988,682.299988,203802606
2018-03-11,682.299988,735.01001,663.580017,720.359985,720.359985,206098889
2018-03-12,720.369995,739.869995,678.130005,697.02002,697.02002,208107856
2018-03-13,697,714.190002,679.190002,689.960022,689.960022,194913670
2018-03-14,689.960022,703.380005,586.700012,613.150024,613.150024,325415119
2018-03-15,613.150024,620.429993,572.109985,610.559998,610.559998,342311699
2018-03-16,610.659973,626.130005,585.159973,600.530029,600.530029,221082941
2018-03-17,600.530029,609.940002,543.280029,549.789978,549.789978,208843294
2018-03-18,549.789978,559.929993,454.179993,537.380005,537.380005,719812876
2018-03-19,537.380005,559.070007,515.840027,555.549988,555.549988,418500605
2018-03-20,555.549988,567,516.780029,557.570007,557.570007,331343470
2018-03-21,557.570007,590.200012,545.47998,559.909973,559.909973,277714049
2018-03-22,559.909973,578.01001,516.219971,539.890015,539.890015,233985932
2018-03-23,539.890015,543.840027,506.790009,543.830017,543.830017,225200086
2018-03-24,543.840027,546.01001,519.51001,520.159973,520.159973,129350391
2018-03-25,522.969971,526.200012,467.480011,486.25,486.25,278656813
2018-03-26,486.140015,491.920013,446.420013,448.779999,448.779999,328179170
2018-03-27,448.779999,465.200012,440.350006,445.929993,445.929993,187271233
2018-03-28,445.929993,448.5,380.350006,383.899994,383.899994,472575968
2018-03-29,383.959991,411.170013,364.98999,393.820007,393.820007,450253373
2018-03-30,393.829987,421.049988,389.98999,394.070007,394.070007,243062846
2018-03-31,394.070007,399.589996,359.220001,378.850006,378.850006,236013242
2018-04-01,378.850006,394.119995,375.799988,384.679993,384.679993,156793473
2018-04-02,384.679993,426.839996,380.709991,415.929993,415.929993,223508235
2018-04-03,415.929993,417.109985,370.660004,378.649994,378.649994,223170178
2018-04-04,378.649994,387.559998,367.149994,381.359985,381.359985,160332018
2018-04-05,381.429993,385.779999,363.51001,370.350006,370.350006,133748822
2018-04-06,370.350006,397.100006,369.660004,384.980011,384.980011,108165642
2018-04-07,384.980011,404.220001,384.980011,400.720001,400.720001,107956653
2018-04-08,400.720001,431.230011,387.980011,399.019989,399.019989,271803047
2018-04-09,399.019989,418.269989,391.839996,415.649994,415.649994,129335600
2018-04-10,415.649994,433.440002,410.970001,430.420013,430.420013,167561896
2018-04-11,430.390015,498.079987,414.029999,493.950012,493.950012,450834363
2018-04-12,493.950012,528.950012,482.100006,494.959991,494.959991,470945268
2018-04-13,494.959991,514.659973,487.720001,502.790009,502.790009,191073028
2018-04-14,502.790009,534.309998,502.790009,534.150024,534.150024,243926045
2018-04-15,534.159973,537.47998,499.170013,511.670013,511.670013,249996040
2018-04-16,511.670013,522.070007,500.480011,503.029999,503.029999,195195626
2018-04-17,503.029999,526.609985,501.700012,525.780029,525.780029,178681435
2018-04-18,525.780029,570.179993,521.830017,567.25,567.25,267530654
2018-04-19,567.25,622.140015,557.97998,617.159973,617.159973,410498449
2018-04-20,617.169983,625.150024,576.090027,605.169983,605.169983,294264369
2018-04-21,605.169983,644.289978,591.809998,621.330017,621.330017,270504773
2018-04-22,621.330017,648.409973,619.570007,644.130005,644.130005,238556831
2018-04-23,644.130005,711.640015,644.059998,703.349976,703.349976,538337384
2018-04-24,703.400024,703.900024,592.590027,617.72998,617.72998,903686072
2018-04-25,617.619995,665.969971,600.349976,661.450012,661.450012,387845424
2018-04-26,661.409973,686.049988,640.73999,643.330017,643.330017,323944620
2018-04-27,643.119995,693.469971,640.090027,683.02002,683.02002,238423753
2018-04-28,683.02002,698.950012,665.280029,689.309998,689.309998,216606354
2018-04-29,689.309998,693.630005,663.280029,670.039978,670.039978,248315675
2018-04-30,670.039978,674.619995,628.289978,670.809998,670.809998,355270695
2018-05-01,670.809998,690.859985,662.130005,686.73999,686.73999,255558720
2018-05-02,686.73999,787.570007,685.919983,777.619995,777.619995,588164727
2018-05-03,777.780029,804.630005,759.669983,784.210022,784.210022,427563922
2018-05-04,784.190002,827.440002,780.080017,816.580017,816.580017,315600160
2018-05-05,816.590027,834.299988,753.51001,790.390015,790.390015,374541870
2018-05-06,790.390015,794.859985,690.909973,752.400024,752.400024,828032480
2018-05-07,752.390015,775.380005,720.359985,747.789978,747.789978,380893335
2018-05-08,747.789978,759.909973,709.780029,751.27002,751.27002,341691727
2018-05-09,751.27002,767.219971,722.650024,723.609985,723.609985,287536989
2018-05-10,723.630005,735.969971,665.48999,677.799988,677.799988,518848404
2018-05-11,677.799988,690.880005,638.469971,683.640015,683.640015,324590855
2018-05-12,683.640015,740.02002,669.960022,729.340027,729.340027,274037817
2018-05-13,729.340027,741.820007,685.75,727.409973,727.409973,453297981
2018-05-14,727.409973,738.530029,695.299988,705.640015,705.640015,287313625
2018-05-15,705.640015,710.26001,676.599976,706.719971,706.719971,251185347
2018-05-16,706.710022,718.309998,661.809998,668.380005,668.380005,244822300
2018-05-17,668.409973,694.349976,657.700012,693.570007,693.570007,238310952
2018-05-18,693.570007,716.859985,683,696.049988,696.049988,161222563
2018-05-19,696.049988,722.710022,687.859985,715.150024,715.150024,165135550
2018-05-20,715.150024,718.700012,687.059998,696.72998,696.72998,144560339
2018-05-21,696.72998,698.460022,638.349976,640.840027,640.840027,287275714
2018-05-22,641.119995,649.590027,564.320007,577.01001,577.01001,549177930
2018-05-23,577.01001,609,544.190002,602.590027,602.590027,426679791
2018-05-24,602.659973,615.919983,568.650024,584.77002,584.77002,281427114
2018-05-25,584.77002,607.809998,578.429993,585.76001,585.76001,146794781
2018-05-26,585.76001,590.880005,555.200012,569.640015,569.640015,223422108
2018-05-27,569.640015,574.52002,500.809998,512.030029,512.030029,387811928
2018-05-28,512.030029,572.469971,510.910004,566.590027,566.590027,348565933
2018-05-29,566.700012,585.22998,542.080017,557.119995,557.119995,254739325
2018-05-30,557.119995,585.919983,553.419983,577.22998,577.22998,236501539
2018-05-31,577.22998,589.26001,564.460022,579.01001,579.01001,202265552
2018-06-01,579.01001,599.530029,574.359985,590.530029,590.530029,171480785
2018-06-02,590.530029,628.059998,590.299988,619.039978,619.039978,157840093
2018-06-03,619.030029,625.950012,580.070007,591.309998,591.309998,201486274
2018-06-04,591.309998,612.98999,576.469971,608.22998,608.22998,193989055
2018-06-05,608.200012,611.669983,593.099976,606.299988,606.299988,158835369
2018-06-06,606.299988,616,598.599976,604.440002,604.440002,170556871
2018-06-07,604.440002,607.77002,592.840027,599.549988,599.549988,118164433
2018-06-08,599.549988,609.109985,591.719971,593.380005,593.380005,85198699
2018-06-09,593.349976,593.349976,501.679993,524.73999,524.73999,345313063
2018-06-10,524.72998,535.789978,509.820007,531.150024,531.150024,264673809
2018-06-11,531.150024,539.340027,484.700012,494.529999,494.529999,279956302
2018-06-12,494.529999,501.670013,450.049988,476.299988,476.299988,357167683
2018-06-13,476.299988,526.640015,460.01001,519.830017,519.830017,440112742
2018-06-14,519.830017,521.179993,483.019989,487.51001,487.51001,255304825
2018-06-15,487.51001,503.279999,483.98999,497.220001,497.220001,119611543
2018-06-16,497.220001,507.48999,494.01001,496.73999,496.73999,105737440
2018-06-17,496.839996,524.650024,487.720001,517.630005,517.630005,172442291
2018-06-18,517.630005,547.940002,515.02002,538.450012,538.450012,197307560
2018-06-19,538.450012,541.799988,517.150024,536.159973,536.159973,176897556
2018-06-20,536.159973,544.679993,521.919983,525.77002,525.77002,135522218
2018-06-21,525.73999,525.840027,450.040009,462.160004,462.160004,364779786
2018-06-22,462.160004,481.059998,456.23999,474.179993,474.179993,139553623
2018-06-23,474.179993,476.190002,421.01001,455.25,455.25,315576348
2018-06-24,455.25,473.269989,445.529999,458.820007,458.820007,212246797
2018-06-25,458.809998,461.179993,429.380005,429.579987,429.579987,204035202
2018-06-26,429.890015,446.119995,419.839996,441.75,441.75,182343321
2018-06-27,441.75,443.51001,417.619995,420.720001,420.720001,149788331
2018-06-28,420.700012,441.869995,405.01001,435.25,435.25,227564744
2018-06-29,435.26001,462.559998,435.160004,453.420013,453.420013,168467579
2018-06-30,453.410004,456.470001,444.779999,451.950012,451.950012,100452349
2018-07-01,451.959991,481.829987,444.309998,476.579987,476.579987,195332556
2018-07-02,476.579987,486.76001,459.779999,461.950012,461.950012,182372293
2018-07-03,461.790009,481.790009,451.459991,467.190002,467.190002,163295006
2018-07-04,467.190002,478.440002,458.369995,467.549988,467.549988,182403445
2018-07-05,467.549988,475.670013,451.950012,469.929993,469.929993,139284675
2018-07-06,469.929993,489.329987,461.850006,485.809998,485.809998,119595512
2018-07-07,485.820007,495.230011,482.230011,486.190002,486.190002,133102164
2018-07-08,486.190002,487.910004,469,471.480011,471.480011,137591337
2018-07-09,471.480011,473.059998,427.820007,432.690002,432.690002,250532493
2018-07-10,432.690002,447.089996,425.130005,445.589996,445.589996,141230265
2018-07-11,445.589996,446.130005,418.019989,430.910004,430.910004,146794442
2018-07-12,430.910004,442.029999,424.970001,432.459991,432.459991,124229013
2018-07-13,432.459991,439.630005,428.309998,433.73999,433.73999,84564526
2018-07-14,433.73999,454.679993,431.450012,449.619995,449.619995,104635389
2018-07-15,449.619995,480.209991,444.799988,478.75,478.75,203769275
2018-07-16,478.809998,511.339996,465.570007,499.059998,499.059998,249043123
2018-07-17,499.059998,515.140015,469.450012,479.019989,479.019989,246100286
2018-07-18,479.029999,483.790009,462.869995,468.649994,468.649994,171685266
2018-07-19,468.649994,469.019989,440.429993,448.839996,448.839996,198020417
2018-07-20,448.839996,468.25,441.859985,461.040009,461.040009,125556641
2018-07-21,461.040009,471.98999,455.01001,457.649994,457.649994,102716195
2018-07-22,457.649994,469.700012,446.609985,449.630005,449.630005,175179390
2018-07-23,449.630005,484.179993,448.320007,479.470001,479.470001,201066485
2018-07-24,479.339996,484.440002,463.890015,471.279999,471.279999,141169236
2018-07-25,471.329987,483.859985,459.959991,462.029999,462.029999,129546000
2018-07-26,462.029999,473.690002,456.100006,469.690002,469.690002,135907462
2018-07-27,469.690002,471.23999,461.23999,468.549988,468.549988,75735805
2018-07-28,468.549988,471.559998,461.540009,466.200012,466.200012,77201406
2018-07-29,466.200012,468.929993,446.470001,456.559998,456.559998,146124509
2018-07-30,456.559998,457.459991,427.450012,431.98999,431.98999,162795413
2018-07-31,431.970001,435.630005,407.920013,419.869995,419.869995,180870688
2018-08-01,419.869995,424.480011,407.799988,410.829987,410.829987,117623000
2018-08-02,410.829987,419.660004,397.769989,417.619995,417.619995,158721612
2018-08-03,417.619995,418.98999,401.529999,406.910004,406.910004,109713090
2018-08-04,406.910004,413.25,400.140015,408.809998,408.809998,98136831
2018-08-05,408.779999,413.029999,401.26001,404.950012,404.950012,86611122
2018-08-06,404.950012,410.290009,368.690002,377.940002,377.940002,175081047
2018-08-07,377.940002,380.359985,347.700012,355.570007,355.570007,268260157
2018-08-08,355.570007,370.329987,350.970001,363.51001,363.51001,145534008
2018-08-09,363.51001,365.880005,326.480011,331.570007,331.570007,162997012
2018-08-10,331.559998,332.410004,305.339996,318.01001,318.01001,200910473
2018-08-11,317.98999,327.329987,314.309998,318.200012,318.200012,92445532
2018-08-12,318.209991,322.299988,281.059998,284.029999,284.029999,221289324
2018-08-13,284.029999,284.029999,250.449997,278.309998,278.309998,331398930
2018-08-14,278.309998,304.720001,276.859985,281.23999,281.23999,278662361
2018-08-15,281.23999,298.839996,278.019989,286.799988,286.799988,153825432
2018-08-16,286.799988,318.309998,285.339996,317.570007,317.570007,221725330
2018-08-17,317.570007,321.170013,283.019989,294.850006,294.850006,161954925
2018-08-18,294.850006,306.709991,289.089996,299.619995,299.619995,119973440
2018-08-19,299.619995,303.940002,269.160004,270.809998,270.809998,139388297
2018-08-20,270.76001,285.779999,269.76001,281.130005,281.130005,110215424
2018-08-21,281.130005,299,259.609985,270.369995,270.369995,212669541
2018-08-22,270.359985,280.459991,268.399994,275.829987,275.829987,112349301
2018-08-23,275.829987,283.200012,270.109985,281.369995,281.369995,89910398
2018-08-24,281.369995,282.920013,276.75,277.559998,277.559998,47248367
2018-08-25,277.559998,277.559998,269.570007,274.299988,274.299988,76389344
2018-08-26,274.299988,288.160004,271.880005,288.019989,288.019989,110434070
2018-08-27,288.019989,297.820007,282.809998,295.549988,295.549988,112083492
2018-08-28,295.549988,296.980011,284.369995,288.670013,288.670013,96897746
2018-08-29,288.670013,290.880005,272.399994,284.149994,284.149994,128910859
2018-08-30,284.149994,284.720001,276.579987,281.660004,281.660004,82108307
2018-08-31,281.649994,302.329987,281.440002,295.359985,295.359985,106537076
2018-09-01,295.359985,299.450012,289.26001,295.019989,295.019989,78277637
2018-09-02,295.019989,296.179993,285.859985,288.970001,288.970001,77409387
2018-09-03,288.970001,292.350006,277.839996,285.230011,285.230011,108226527
2018-09-04,285.230011,287.540009,226.119995,228.270004,228.270004,279599544
2018-09-05,228.270004,232.779999,211.179993,229.520004,229.520004,273642406
2018-09-06,229.559998,234.149994,213.830002,215.139999,215.139999,157745814
2018-09-07,215.139999,220.020004,190.080002,196.770004,196.770004,177137749
2018-09-08,196.770004,208.380005,185.009995,195.990005,195.990005,158079940
2018-09-09,195.990005,202.589996,186.919998,197.139999,197.139999,142204330
2018-09-10,197.130005,199.119995,175.960007,185.149994,185.149994,175106713
2018-09-11,185.149994,185.149994,167.600006,183.029999,183.029999,245547248
2018-09-12,183.029999,214.919998,183.029999,211.270004,211.270004,329648784
2018-09-13,211.270004,223.979996,202.800003,208.869995,208.869995,312268002
2018-09-14,208.869995,227.669998,208.380005,221.630005,221.630005,168167381
2018-09-15,221.619995,223.419998,207.899994,220.119995,220.119995,129504097
2018-09-16,220.119995,225.580002,192.509995,196.039993,196.039993,334881838
2018-09-17,196.039993,214.679993,194,208.389999,208.389999,208223203
2018-09-18,208.389999,215.339996,197.429993,209.779999,209.779999,209614073
2018-09-19,209.779999,228.889999,206.970001,224.759995,224.759995,179337694
2018-09-20,224.759995,252.210007,221.25,247.690002,247.690002,324152515
2018-09-21,247.690002,254.75,233.009995,240.779999,240.779999,153989817
2018-09-22,240.779999,249.410004,237.240005,244.550003,244.550003,109358338
2018-09-23,244.550003,245.789993,225.100006,227.919998,227.919998,176162388
2018-09-24,227.919998,227.919998,202.899994,219.199997,219.199997,274370639
2018-09-25,219.199997,222.619995,207.309998,214.210007,214.210007,167260754
2018-09-26,214.210007,234.199997,210.050003,229.089996,229.089996,175768934
2018-09-27,229.089996,234.059998,214.970001,221.559998,221.559998,196588546
2018-09-28,221.559998,237.160004,213.330002,231.320007,231.320007,169490766
2018-09-29,231.320007,238.899994,226.139999,232.600006,232.600006,120465654
2018-09-30,232.600006,235.419998,224.539993,230.889999,230.889999,89553376
2018-10-01,230.899994,231.649994,222.429993,225.410004,225.410004,69760408
2018-10-02,225.419998,225.679993,214.979996,219.970001,219.970001,115425803
2018-10-03,219.970001,226.300003,219.009995,221.759995,221.759995,94094782
2018-10-04,221.759995,231.910004,219.059998,227.899994,227.899994,90777990
2018-10-05,227.899994,228.419998,222.820007,224.619995,224.619995,58388239
2018-10-06,224.619995,226.869995,220.75,225.649994,225.649994,58001835
2018-10-07,225.649994,232.309998,223.649994,229.330002,229.330002,119060366
2018-10-08,229.330002,230.169998,226.080002,227.490005,227.490005,57089428
2018-10-09,227.490005,227.529999,222.630005,225.259995,225.259995,79427315
2018-10-10,225.259995,225.259995,186.880005,189.830002,189.830002,280686354
2018-10-11,189.830002,200.039993,188.429993,195.970001,195.970001,122749873
2018-10-12,195.970001,201.039993,195.410004,199.449997,199.449997,50575220
2018-10-13,199.449997,201.690002,192.669998,194.990005,194.990005,68812436
2018-10-14,194.990005,232.029999,192.880005,210.800003,210.800003,352120919
2018-10-15,210.800003,215,207.779999,210.220001,210.220001,81883310
2018-10-16,210.220001,211.289993,205.490005,207.600006,207.600006,59192189
2018-10-17,207.600006,209.460007,200.389999,202.490005,202.490005,96947739
2018-10-18,202.490005,204.789993,200.979996,202.860001,202.860001,65604453
2018-10-19,202.860001,207.029999,201.759995,205.080002,205.080002,49096326
2018-10-20,205.080002,208.389999,203.809998,204.770004,204.770004,39862698
2018-10-21,204.770004,205.869995,202.449997,203.600006,203.600006,50598661
2018-10-22,203.600006,204.820007,200.509995,203.699997,203.699997,53645925
2018-10-23,203.699997,205.309998,202.440002,202.919998,202.919998,41210649
2018-10-24,202.929993,203.919998,199.789993,201.229996,201.229996,53009578
2018-10-25,201.229996,206.660004,200.460007,203.369995,203.369995,63803981
2018-10-26,203.369995,203.910004,201.649994,202.789993,202.789993,19658355
2018-10-27,202.789993,204.360001,202.5,203.720001,203.720001,21150899
2018-10-29,203.729996,204.029999,193.940002,195.669998,195.669998,74963306
2018-10-30,195.669998,197.169998,194.199997,196.190002,196.190002,54237687
2018-10-31,196.220001,200.059998,192.449997,197.850006,197.850006,59872776
2018-11-01,197.850006,199.600006,197.169998,198.729996,198.729996,31093612
2018-11-02,198.729996,202.770004,198.729996,201.020004,201.020004,49194567
2018-11-03,201.020004,201.330002,197.520004,199.470001,199.470001,34164177
2018-11-04,199.470001,218.160004,198.610001,211.300003,211.300003,101844171
2018-11-05,211.309998,212.289993,206.779999,209.699997,209.699997,52562411
2018-11-06,209.699997,220.020004,208.160004,219.559998,219.559998,106555197
2018-11-07,219.550003,223.710007,216.479996,217.990005,217.990005,127473032
2018-11-08,218.039993,219.649994,211.070007,211.289993,211.289993,64346780
2018-11-09,211.289993,213.539993,207.539993,209.389999,209.389999,47121564
2018-11-10,209.389999,214.610001,209.039993,211.899994,211.899994,29624413
2018-11-11,211.899994,212.559998,206.610001,211.699997,211.699997,35300337
2018-11-12,211.699997,213.210007,208.970001,210.809998,210.809998,41671998
2018-11-13,210.809998,210.929993,205.660004,206.419998,206.419998,58600617
2018-11-14,206.429993,208.149994,171.509995,182.720001,182.720001,318920969
2018-11-15,182.720001,185.669998,168.570007,181.529999,181.529999,206578170
2018-11-16,181.550003,182.479996,170.759995,174.839996,174.839996,126875658
2018-11-17,174.839996,175.800003,172.570007,174.220001,174.220001,42708847
2018-11-18,174.220001,181.270004,174.050003,177.529999,177.529999,67927574
2018-11-19,177.550003,177.580002,144.850006,148.220001,148.220001,300853051
2018-11-20,148.220001,152.220001,124.360001,130.740005,130.740005,427274827
2018-11-21,130.740005,139.419998,124.5,136.5,136.5,228871551
2018-11-22,136.5,138.520004,123.889999,124.830002,124.830002,107326677
2018-11-23,124.830002,127.139999,118.18,123.370003,123.370003,174492308
2018-11-24,123.370003,128.350006,109.620003,112.75,112.75,135633645
2018-11-25,112.739998,120.550003,100.959999,116.75,116.75,253590457
2018-11-26,116.68,119.220001,104.870003,108.870003,108.870003,181319493
2018-11-27,108.889999,113.239998,100.769997,110.190002,110.190002,142069855
2018-11-28,110.209999,126.709999,110.199997,122.879997,122.879997,181557557
2018-11-29,122.879997,123.970001,114.139999,117.480003,117.480003,118262111
2018-11-30,117.480003,120.029999,110.669998,112.870003,112.870003,112490314
2018-12-01,112.870003,121.330002,110.870003,118.5,118.5,76467768
2018-12-02,118.5,121.080002,115.360001,115.959999,115.959999,44666977
2018-12-03,115.970001,116.269997,105.93,108.230003,108.230003,86515164
2018-12-04,108.230003,113.599998,105.550003,109.82,109.82,68352727
2018-12-05,109.82,110.349998,101.199997,101.57,101.57,87444053
2018-12-06,101.57,104.059998,90.050003,90.43,90.43,175524704
2018-12-07,90.43,97.75,82.080002,93.610001,93.610001,235077885
2018-12-08,93.610001,98.550003,84.809998,91.440002,91.440002,120835615
2018-12-09,91.440002,100.379997,89.349998,94.419998,94.419998,96107550
2018-12-10,94.419998,96.160004,88.860001,90.699997,90.699997,66803355
2018-12-11,90.699997,92.489998,86.190002,88.050003,88.050003,59264256
2018-12-12,88.050003,92.669998,87.139999,90.519997,90.519997,64405925
2018-12-13,90.519997,91.349998,84.669998,86.389999,86.389999,69525175
2018-12-14,86.389999,87.010002,82.160004,83.900002,83.900002,63953996
2018-12-15,83.900002,85.269997,82.050003,84.269997,84.269997,40494783
2018-12-16,84.269997,88.639999,84.190002,85.389999,85.389999,47206607
2018-12-17,85.389999,98.43,84.900002,95.440002,95.440002,110836810
2018-12-18,95.440002,103.349998,92.93,102.440002,102.440002,90768069
2018-12-19,102.440002,109.230003,99.849998,100.629997,100.629997,172185010
2018-12-20,100.629997,118.889999,99.75,116.43,116.43,197572100
2018-12-21,116.43,120.739998,106.879997,109.440002,109.440002,154860116
2018-12-22,109.440002,118.550003,107.239998,118.360001,118.360001,82462315
2018-12-23,118.360001,135.880005,118.32,131.559998,131.559998,180742349
2018-12-24,131.559998,161.25,131.529999,140.869995,140.869995,385949928
2018-12-25,140.869995,141.839996,124.029999,130.990005,130.990005,225626016
2018-12-26,130.990005,139.179993,125.68,132.610001,132.610001,150956263
2018-12-27,132.610001,133.940002,114.669998,116.720001,116.720001,162270992
2018-12-28,116.720001,141.130005,115.349998,139.729996,139.729996,198667294
2018-12-29,139.729996,150.199997,134.380005,137.300003,137.300003,182863669
2018-12-30,137.300003,142.690002,131.979996,141.330002,141.330002,120392187
2018-12-31,141.330002,141.839996,130.820007,133.490005,133.490005,99751118
2019-01-01,133.490005,144.25,132.309998,142.660004,142.660004,99694138
2019-01-02,142.660004,160.039993,141.600006,156.570007,156.570007,165620342
2019-01-03,156.570007,157.660004,144.580002,149.440002,149.440002,121609753
2019-01-04,149.440002,158.800003,147.320007,156.039993,156.039993,161910054
2019-01-05,156.039993,163.630005,154.699997,156.229996,156.229996,152585957
2019-01-06,156.229996,163.110001,150.490005,158.610001,158.610001,146912818
2019-01-07,158.610001,160.190002,150.179993,152.089996,152.089996,94643450
2019-01-08,152.089996,155.130005,147.759995,151.100006,151.100006,109964654
2019-01-09,151.100006,157.820007,150.050003,151.169998,151.169998,86228877
2019-01-10,151.169998,152.75,124.07,127.959999,127.959999,197435643
2019-01-11,127.959999,130.070007,123.099998,127.160004,127.160004,85532867
2019-01-12,127.160004,128.520004,124.660004,125.830002,125.830002,42944230
2019-01-13,125.830002,126.449997,114.75,116.559998,116.559998,77318828
2019-01-14,116.559998,132.779999,116.489998,129.740005,129.740005,110822478
2019-01-15,129.740005,131.759995,118.190002,121.220001,121.220001,109930872
2019-01-16,121.220001,128.970001,120.419998,123.120003,123.120003,89667659
2019-01-17,123.120003,124.970001,118.330002,123.720001,123.720001,77554773
2019-01-18,123.720001,124.040001,119.389999,120.57,120.57,47693982
2019-01-19,120.57,128.660004,120.57,124.849998,124.849998,70412517
2019-01-20,124.849998,125.459999,112.959999,118.410004,118.410004,76407912
2019-01-21,118.410004,119.290001,114.480003,116.720001,116.720001,49298484
2019-01-22,116.720001,120.660004,112.040001,119.120003,119.120003,78267602
2019-01-23,119.120003,120.040001,115.989998,117.57,117.57,47347740
2019-01-24,117.57,118.580002,114.629997,117.699997,117.699997,51912659
2019-01-25,117.699997,118.379997,115.129997,115.919998,115.919998,50438139
2019-01-26,115.919998,119.300003,115.690002,116.330002,116.330002,28475056
2019-01-27,116.330002,117.019997,111.580002,112.269997,112.269997,53136225
2019-01-28,112.269997,113.190002,101.940002,106.360001,106.360001,98142843
2019-01-29,106.360001,106.779999,102.949997,104.75,104.75,58780992
2019-01-30,104.75,110.459999,103.68,109.040001,109.040001,76425828
2019-01-31,109.040001,111.730003,105.75,106.889999,106.889999,50405787
2019-02-01,106.889999,108.709999,104.139999,107.029999,107.029999,55930619
2019-02-02,107.029999,111.980003,106.25,111,111,38110112
2019-02-03,111,111.970001,105.82,107.209999,107.209999,44473549
2019-02-04,107.209999,109.059998,106.440002,106.900002,106.900002,33113542
2019-02-05,106.900002,107.339996,105.879997,106.93,106.93,24525280
2019-02-06,106.93,107.300003,101.25,104.5,104.5,69541037
2019-02-07,104.5,106.019997,103.690002,104.300003,104.300003,31783120
2019-02-08,104.300003,123.260002,103.510002,119.489998,119.489998,132561283
2019-02-09,119.489998,121.580002,117.489998,119.459999,119.459999,39089760
2019-02-10,119.459999,126.389999,116.330002,125.580002,125.580002,68515466
2019-02-11,125.580002,125.580002,119.730003,120.760002,120.760002,68979406
2019-02-12,120.760002,124.309998,118.25,122.629997,122.629997,65949880
2019-02-13,122.629997,126.809998,121.110001,122.309998,122.309998,65675655
2019-02-14,122.309998,124.75,120.07,120.849998,120.849998,58046997
2019-02-15,120.849998,124.75,120.620003,122.019997,122.019997,49509064
2019-02-16,122.019997,125.309998,122.019997,123.260002,123.260002,29940250
2019-02-17,123.260002,136.270004,123.07,134.279999,134.279999,135450665
2019-02-18,134.279999,149.770004,133.110001,146.529999,146.529999,221696151
2019-02-19,146.529999,151.25,143.979996,144.399994,144.399994,123011057
2019-02-20,144.399994,150.350006,141.389999,149.229996,149.229996,109146484
2019-02-21,149.229996,151.860001,143.639999,146.360001,146.360001,95560599
2019-02-22,146.360001,150.029999,144.309998,149.039993,149.039993,103047931
2019-02-23,149.039993,161.509995,147.169998,159.479996,159.479996,141170976
2019-02-24,159.479996,167.669998,133.149994,133.419998,133.419998,241116547
2019-02-25,133.419998,142.539993,133.210007,139.020004,139.020004,121457228
2019-02-26,139.020004,139.470001,134.460007,137.119995,137.119995,61461262
2019-02-27,137.119995,141.639999,127.720001,135.940002,135.940002,112907848
2019-02-28,135.940002,140.699997,134.009995,136.289993,136.289993,97737312
2019-03-01,136.289993,139.059998,135.690002,136.149994,136.149994,45791967
2019-03-02,136.149994,136.809998,131.130005,133.809998,133.809998,52821793
2019-03-03,133.809998,135.979996,128.880005,131.210007,131.210007,36361053
2019-03-04,131.210007,131.729996,123.959999,126.43,126.43,77542631
2019-03-05,126.43,139,126.050003,137.929993,137.929993,97489028
2019-03-06,137.929993,141.710007,134.699997,138.490005,138.490005,84214712
2019-03-07,138.490005,141.119995,135.979996,137.649994,137.649994,58635308
2019-03-08,137.649994,140.529999,131.610001,134.419998,134.419998,73110484
2019-03-09,134.419998,139.839996,133.740005,138.240005,138.240005,48811186
2019-03-10,138.240005,138.529999,135.070007,136.360001,136.360001,29367443
2019-03-11,136.360001,137.110001,131.960007,133.539993,133.539993,53827993
2019-03-12,133.539993,136.210007,129.139999,134.369995,134.369995,63258337
2019-03-13,134.369995,134.419998,131.610001,132.929993,132.929993,31732444
2019-03-14,132.929993,136.479996,130.300003,132.889999,132.889999,44781103
2019-03-15,132.889999,138.910004,132.860001,137.630005,137.630005,72468725
2019-03-16,137.630005,145.910004,137.570007,141.679993,141.679993,78670145
2019-03-17,141.679993,141.690002,138.100006,139.740005,139.740005,37641607
2019-03-18,139.740005,142.850006,137.190002,138.5,138.5,54258503
2019-03-19,138.5,140.190002,137.729996,139.460007,139.460007,34618229
2019-03-20,139.460007,140.789993,136.720001,140.220001,140.220001,43575339
2019-03-21,140.220001,140.649994,133.529999,135.610001,135.610001,57758749
2019-03-22,135.610001,137.990005,135.089996,136.759995,136.759995,32302482
2019-03-23,136.759995,138.649994,136.429993,137.740005,137.740005,27909491
2019-03-24,137.740005,137.759995,135.020004,136.210007,136.210007,24934808
2019-03-25,136.210007,136.899994,131.770004,133.960007,133.960007,43666884
2019-03-26,133.960007,134.940002,132.800003,134.289993,134.289993,34634601
2019-03-27,134.289993,140.600006,134.210007,140.229996,140.229996,59960569
2019-03-28,140.229996,140.229996,137.630005,138.389999,138.389999,28808077
2019-03-29,138.389999,144.619995,138.020004,144.410004,144.410004,52211663
2019-03-30,144.410004,147.070007,141.179993,143.289993,143.289993,44333469
2019-03-31,142.399994,143.940002,140.080002,141.850006,141.850006,47175484
2019-04-01,141.850006,167.75,141.600006,164.929993,164.929993,199789038
2019-04-02,164.929993,179.869995,153.029999,161.179993,161.179993,351520471
2019-04-03,161.179993,164.860001,154.289993,158.070007,158.070007,135093346
2019-04-04,158.070007,168.899994,156.779999,166.389999,166.389999,93729139
2019-04-05,166.389999,173.699997,160.960007,166.279999,166.279999,93440063
2019-04-06,166.279999,177.529999,164.940002,175.570007,175.570007,95898759
2019-04-07,175.570007,187.360001,174.619995,181.059998,181.059998,209288702
2019-04-08,181.059998,181.130005,174.960007,176.300003,176.300003,101513775
2019-04-09,176.300003,185.570007,170.270004,177.389999,177.389999,170848830
2019-04-10,177.389999,177.630005,160.759995,165.240005,165.240005,124587430
2019-04-11,165.240005,167.610001,159.970001,164.559998,164.559998,75328846
2019-04-12,164.559998,166.529999,162.539993,164.529999,164.529999,38360717
2019-04-13,164.529999,169.789993,162.410004,168.679993,168.679993,48567123
2019-04-14,168.679993,170.059998,156.330002,160.300003,160.300003,91325069
2019-04-15,160.300003,168.210007,159.520004,166.899994,166.899994,70932570
2019-04-16,166.899994,168.850006,165.039993,167.020004,167.020004,54188457
2019-04-17,167.020004,176.619995,166.639999,174.600006,174.600006,108117562
2019-04-18,174.600006,174.789993,169.820007,174.130005,174.130005,64497766
2019-04-19,174.130005,178.300003,171.169998,173.960007,173.960007,44763261
2019-04-20,173.960007,174.669998,166.690002,170.300003,170.300003,64705903
